Time Series 1,Time Series 2,Time Series 3,Time Series 4,Time Series 5,Time Series 6,Time Series 7,Time Series 8,Time Series 9,Time Series 10,Time Series 11
0.8432976,0.19361186,0.7904425,0.6085162,0.48675933,0.09318073,0.54233605,0.48578542,0.40082154,0.5986461,0.32494384
0.7712039,0.11947888,0.77824837,0.6739767,0.5784612,0.25649115,0.649197,0.36125213,0.47305933,0.53822,0.5025494
0.72464955,0.10881901,0.7884761,0.7079519,0.56328475,0.45513383,0.5796938,0.1346044,0.24949567,0.4258871,0.6154297
0.6203838,0.14915584,0.7529293,0.6783774,0.31801552,0.67599714,0.53680307,0.21780014,0.43097386,0.70797056,0.6435655
0.5253951,0.27284497,0.5543325,0.5308337,0.082711376,0.8457026,0.41187412,0.024244191,0.41487452,0.85648847,0.86542666
0.36870039,0.5011696,0.23197934,0.2315657,0.009399002,0.966666,0.20930254,0.05421074,0.49484655,0.70373964,0.7921112
0.17785858,0.74732536,0.0536402,0.039822116,0.0041704103,0.9699713,0.3626104,0.06595995,0.48775062,0.51255417,0.83108383
0.10200574,0.8909516,0.0,0.0009771651,0.0094223125,0.8686195,0.13285653,0.059227742,0.44970274,0.6749592,0.8422304
0.2439757,0.872828,0.09962417,0.0021656754,0.041102648,0.66727424,0.4116568,0.23785588,0.42461598,0.66689956,0.7650577
0.46619338,0.71442854,0.23698266,0.030895628,0.13070019,0.38931105,0.6560841,0.36248708,0.4256428,0.50957006,0.6386929
0.62070864,0.5301416,0.2899131,0.27339417,0.23015162,0.21104825,0.6946015,0.34980533,0.5816774,0.63390464,0.59865564
0.83607626,0.33940092,0.38572076,0.5354512,0.34593964,0.03338466,0.84791046,0.41848236,0.23733431,0.24949047,0.54785424
0.9042361,0.18414299,0.48976648,0.6519772,0.45784172,0.09617984,0.795179,0.16657966,0.39082617,0.49163893,0.6044311
0.88063717,0.09334043,0.60912466,0.85569894,0.5982663,0.1558084,0.8958013,0.6539041,1.0,1.0,0.2602399
0.8120691,0.06124227,0.69284296,0.8977404,0.6935508,0.370257,0.7996515,0.5634544,0.4512339,0.6504296,0.32173362
0.646362,0.09153013,0.6743888,0.81154233,0.37861294,0.6523185,0.7505335,0.23664801,0.22407499,0.59601605,0.6905652
0.49163318,0.23312527,0.5503066,0.710481,0.054420557,0.8644161,0.5737442,0.10754664,0.39861095,0.8011701,0.8514933
0.45130298,0.43656132,0.37744784,0.47479331,0.02132562,0.94381386,0.46213725,0.15390311,0.506529,0.77260053,0.8412745
0.20227844,0.68283504,0.18627462,0.10572962,0.005645561,0.9586833,0.51357794,0.10995638,0.47964194,0.49865657,0.72174406
0.13888946,0.8589042,0.29662684,0.0081520835,0.0095127085,0.8770863,0.32527888,0.12694319,0.48170468,0.43939322,0.7782034
0.234426,0.8577514,0.39918318,0.0051217107,0.040968124,0.672552,0.34727564,0.19808014,0.52117264,0.37708965,0.8038726
0.4761683,0.70059806,0.49749252,0.026365535,0.12109863,0.40231347,0.49017492,0.38659948,0.39398697,0.2827025,0.68269974
0.6836642,0.4966782,0.57606786,0.21461593,0.24097353,0.16423619,0.6881672,0.31576282,0.23584948,0.18201217,0.62579995
0.842501,0.31404728,0.63921434,0.50344557,0.36934972,0.08008851,0.7310535,0.6458491,0.24818249,0.09262038,0.27438924
0.81717837,0.16944908,0.68508196,0.66394854,0.47774494,0.14163835,0.662301,0.27839524,0.42988765,0.35212865,0.45639405
0.8224223,0.09305811,0.6944719,0.7040323,0.55904996,0.2631338,0.6868887,0.21069945,0.23697326,0.15547045,0.5876286
0.80313575,0.06666523,0.7405024,0.73729384,0.5659083,0.41467366,0.7508421,0.38071117,0.27619076,0.27915424,0.4766093
0.63047564,0.10644478,0.78280956,0.71160585,0.35079744,0.6932898,0.6450285,0.2711347,0.42019573,0.42759666,0.58011675
0.5179401,0.26283532,0.68117243,0.6376524,0.048671834,0.8755592,0.3591782,0.103609584,0.39095333,0.5890175,0.79150236
0.3136133,0.5004964,0.40571076,0.39290595,0.011487719,0.95589453,0.3172454,0.08266527,0.50040895,0.5466475,0.75213695
0.13770922,0.7395577,0.21487497,0.12222781,0.006005206,0.95704204,0.34415862,0.09251386,0.44466576,0.3960967,0.7184581
0.063403994,0.9094536,0.25184134,0.0021672037,0.007537062,0.8761498,0.22348922,0.046419133,0.45496383,0.3254159,0.79734033
0.20132174,0.86750305,0.38652363,0.0,0.046218656,0.66447675,0.38337758,0.18726918,0.48801562,0.36033532,0.80565786
0.3435239,0.7360623,0.46175954,0.00049420504,0.11384687,0.446226,0.35364673,0.10318674,0.41614914,0.32119912,0.84895796
0.6885706,0.536538,0.5652002,0.10899973,0.22173701,0.17567603,0.76890457,0.4189543,0.22802106,0.18130384,0.81706166
0.8050556,0.33261305,0.6940763,0.4088018,0.3525736,0.03802687,0.8374949,0.54611987,0.27596918,0.18173423,0.3139991
0.83934635,0.18257323,0.7913617,0.60997707,0.48971117,0.10531423,0.7789085,0.53708804,0.455879,0.3341149,0.23673914
0.7816164,0.09174927,0.8589414,0.77218574,0.60800886,0.203441,0.87034225,0.5599159,0.48279437,0.37336698,0.28660497
0.6646384,0.07232527,0.904425,0.82291204,0.62445354,0.43961406,0.77297074,0.40328342,0.5184524,0.5201512,0.5256876
0.6419186,0.12253803,0.8511688,0.76099443,0.3218748,0.7017341,0.48309886,0.19869007,0.2755765,0.36891705,0.70774275
0.52802765,0.250667,0.7572926,0.6230228,0.05443088,0.85580355,0.596564,0.14215644,0.4215445,0.6106516,0.7825101
0.36484468,0.46542773,0.52889705,0.3939154,0.019071778,0.9574651,0.4646385,0.1697711,0.5179285,0.60878617,0.80831593
0.13841547,0.73003185,0.28326914,0.13825154,0.005057683,0.9637729,0.3521239,0.12203499,0.4164607,0.566446,0.7203462
0.08916613,0.88935566,0.26642078,0.07009628,0.0122708175,0.85777926,0.33728173,0.19174913,0.4889551,0.53207815,0.80212444
0.23416784,0.8370964,0.3792048,0.04899958,0.052686863,0.6632861,0.2739086,0.28737268,0.38201663,0.40383682,0.7504743
0.40972543,0.6844905,0.41147038,0.061058674,0.13745107,0.40316156,0.5235301,0.33364433,0.25716332,0.3072261,0.72971785
0.53156066,0.51053166,0.451846,0.24892332,0.22968377,0.22205774,0.6741972,0.28848863,0.251202,0.3112812,0.7102571
0.8267599,0.32923645,0.5666779,0.4785417,0.34800658,0.092315696,0.7718128,0.24034908,0.2744233,0.10868453,0.7705796
0.8567502,0.17341258,0.6958682,0.6532089,0.48086888,0.0629951,0.87623644,0.72766954,0.46051136,0.2950196,0.30165914
0.763522,0.084374346,0.7878128,0.84761137,0.6567282,0.2190736,0.8293745,0.46195528,0.5291063,0.5814795,0.43740213
0.76739913,0.0634491,0.8098507,0.7863774,0.5769955,0.43020722,0.627151,0.0,0.16937411,0.16080168,0.5862308
0.6002649,0.09639032,0.7787138,0.74752456,0.365238,0.6668855,0.7018162,0.2542655,0.36461067,0.64751124,0.63811713
0.55660075,0.22824585,0.6748543,0.623261,0.05507796,0.85804516,0.49206197,0.10930453,0.3684116,0.73664916,0.7382318
0.39924857,0.44095227,0.48939413,0.42670694,0.017166883,0.95742184,0.36212146,0.106244616,0.51562005,0.6084093,0.775493
0.14403212,0.70776963,0.2522602,0.12870342,0.0022983146,0.97056127,0.43185508,0.07561043,0.47647846,0.48145694,0.75427055
0.09282412,0.8521727,0.21395576,0.06042469,0.011501667,0.8545121,0.34617674,0.137575,0.4339095,0.48635197,0.73747265
0.2310119,0.84292525,0.29315943,0.07482667,0.04866201,0.64307266,0.48127538,0.21308886,0.4283103,0.4856344,0.84984565
0.41913036,0.6931432,0.3667547,0.0884516,0.12367107,0.43139282,0.43582925,0.3123016,0.47674847,0.38524318,0.81146365
0.5760165,0.5082949,0.41264558,0.244309,0.23144996,0.20902377,0.6307813,0.3001537,0.33489257,0.39568618,0.7482418
0.78269655,0.3367655,0.49880734,0.55538803,0.3406738,0.074961685,0.6902784,0.3731342,0.48531547,0.44032285,0.60694987
0.8369393,0.17970245,0.5605227,0.70006454,0.4672086,0.11545006,0.8278659,0.0039646584,0.5657597,0.4207123,0.936604
0.84051955,0.089468,0.6392958,0.8159981,0.5701422,0.23270161,0.76694506,0.24286085,0.41238645,0.29831815,0.7210313
0.7986273,0.057302188,0.73427737,0.85023284,0.55599284,0.42396054,0.83020806,0.44949955,0.37369037,0.259766,0.48688346
0.71083736,0.097948804,0.7151833,0.745269,0.29658437,0.6596449,0.6550936,0.18844786,0.29946193,0.4516068,0.66327494
0.6013372,0.20965984,0.64100623,0.63545454,0.10855914,0.8287686,0.6881652,0.23571908,0.42421624,0.66024303,0.68840563
0.38264897,0.43914992,0.47216177,0.45979324,0.01119611,0.9651847,0.34906426,0.12037009,0.46709412,0.6305345,0.8320992
0.20843564,0.69916666,0.2306645,0.17199415,0.006057771,0.961303,0.4004936,0.08907179,0.4852297,0.48425132,0.78233457
0.09764857,0.8366844,0.17938633,0.020680131,0.013923265,0.85302544,0.324337,0.13513185,0.4413013,0.47280195,0.7419719
0.2749669,0.79553676,0.32440105,0.0027571365,0.062421165,0.63077027,0.47302365,0.2847353,0.49427137,0.48437402,0.779282
0.48904034,0.6663158,0.47688586,0.03832998,0.14033896,0.4317512,0.33103538,0.44637132,0.5550964,0.5237755,0.73137456
0.66233253,0.4937113,0.54418623,0.2404161,0.25766248,0.16349655,0.71299255,0.31173146,0.24166563,0.23483537,0.8119923
0.8209859,0.3053748,0.6791013,0.54231435,0.38769048,0.07081816,0.7152826,0.30149552,0.5432662,0.3990567,0.676335
0.8967882,0.15358452,0.78134346,0.69244,0.49806228,0.13699965,0.66428906,0.45519748,0.75626767,0.61539024,0.3681276
0.8785509,0.07925626,0.82537264,0.7875142,0.5522395,0.28848803,0.54145694,0.49530268,0.67351496,0.67704594,0.3754099
0.81681234,0.051927224,0.8734859,0.824913,0.5800573,0.4023863,0.7743378,0.38463047,0.34649435,0.35914174,0.45718762
0.606395,0.079352535,0.84216285,0.7472711,0.3857268,0.662372,0.67215025,0.17574215,0.2588067,0.69124347,0.68746984
0.55731285,0.2361438,0.7801217,0.6534769,0.09815323,0.8771847,0.42516318,0.18257998,0.4180203,0.7179932,0.79024076
0.37325945,0.4531005,0.5265583,0.42551488,0.014115624,0.94289595,0.375018,0.14171599,0.5057747,0.72117686,0.8160515
0.21051177,0.69561255,0.37657517,0.083773464,0.012062081,0.95703506,0.35329977,0.19620523,0.4857519,0.6158201,0.78788173
0.12265813,0.8368466,0.41791654,0.019005343,0.013988902,0.8493007,0.20786166,0.05666093,0.4373981,0.4999816,0.823113
0.22368808,0.8121121,0.45653513,0.004811626,0.04897115,0.6616719,0.14207871,0.13254207,0.4819086,0.46409982,0.76063955
0.42914855,0.6673768,0.48475152,0.025937615,0.13865387,0.41320217,0.49621686,0.3139822,0.43716455,0.5488213,0.67819715
0.66987073,0.48872113,0.49488616,0.2094561,0.24006762,0.19345209,0.74044925,0.3388507,0.39912376,0.36693752,0.69228595
0.78195614,0.30342558,0.58250237,0.5354367,0.36123583,0.067517005,0.7921547,0.39819714,0.22343303,0.39818117,0.5326601
0.9397961,0.15005542,0.69022495,0.7174176,0.50479716,0.06710168,0.7831264,0.5576213,0.28380144,0.41600806,0.21165892
0.79345673,0.06653643,0.749043,0.78534627,0.5991671,0.28847528,0.7971299,0.10715529,0.62217575,0.7116996,0.7252444
0.7728043,0.05010362,0.75543094,0.8217817,0.51534945,0.4678792,0.733796,0.29816073,0.369513,0.5158291,0.57062566
0.6358411,0.08762257,0.7468438,0.7981096,0.31641194,0.6819173,0.6319385,0.30234337,0.40656772,0.63578844,0.5901254
0.5240153,0.22754374,0.61262697,0.5693596,0.061231278,0.87546134,0.48864338,0.064128876,0.4087101,0.7882121,0.85594803
0.39250255,0.4500859,0.44069907,0.27999988,0.015389826,0.96055996,0.5217391,0.16417629,0.42800215,0.66301054,0.7251872
0.13286673,0.69358903,0.25052652,0.10458973,0.0059220293,0.9530476,0.43878806,0.059592463,0.4584954,0.568996,0.7440165
0.13120636,0.8578492,0.21564293,0.019016737,0.01137333,0.86387634,0.4136066,0.1633911,0.47438866,0.6107521,0.75236547
0.20223562,0.8158466,0.34982488,0.035501145,0.05255929,0.63353574,0.45234892,0.1877365,0.33302513,0.61139536,0.85299474
0.4025982,0.67333496,0.39707714,0.1010365,0.12384385,0.41247424,0.46419495,0.3071992,0.50874543,0.5291592,0.7748361
0.6395952,0.47540542,0.46064252,0.31539297,0.24296826,0.16680185,0.72438604,0.116478,0.32715815,0.36499086,0.81840605
0.80534804,0.3079475,0.5737873,0.5396928,0.36564448,0.08981977,0.7405165,0.4395749,0.2652386,0.30449086,0.47553393
0.98156273,0.16484591,0.6904111,0.66161144,0.47347844,0.102103755,0.6835064,0.2558905,0.21599965,0.26062775,0.3663187
0.9059764,0.08485645,0.77024305,0.7283061,0.5594417,0.20355189,0.8518376,0.27704266,0.0,0.036643192,0.51504225
0.64194274,0.05807948,0.81472605,0.7788854,0.5214223,0.46521616,0.8646716,0.2461153,0.3183056,0.51613927,0.6425547
0.73080677,0.10513957,0.79614395,0.7166368,0.31780574,0.6608519,0.6782263,0.1879487,0.2417885,0.6607267,0.7473565
0.5472064,0.21766838,0.76749706,0.6422649,0.11026185,0.8505619,0.51129067,0.13066018,0.40373564,0.73509735,0.8062781
0.34259796,0.4422432,0.5392062,0.4578114,0.011862503,0.9463547,0.3837216,0.114704765,0.46528512,0.71292746,0.8260318
0.18949065,0.68253726,0.35065103,0.11461563,0.008526182,0.9525368,0.29762918,0.11365259,0.5089217,0.5439107,0.8132259
0.058580056,0.85568833,0.33312777,0.004077075,0.008493437,0.88751787,0.25708213,0.047366932,0.46885696,0.4113084,0.7824105
0.20091051,0.8316338,0.41231978,0.0002851435,0.040259633,0.69113255,0.2366089,0.18495215,0.5286479,0.41568846,0.8247434
0.38506523,0.70389485,0.43988457,0.02638089,0.116476215,0.428649,0.4045779,0.14227498,0.39846396,0.44219264,0.93140644
0.6344171,0.5118731,0.5179712,0.2051845,0.23675358,0.1600057,0.75304675,0.2660469,0.30907822,0.59521013,0.75183797
0.745761,0.33165348,0.6006772,0.594243,0.3668904,0.08358044,0.74634,0.48154065,0.25665063,0.52962214,0.4570052
0.8009995,0.18996435,0.71528804,0.7430713,0.47280395,0.14416826,0.78483164,0.26705924,0.35687748,0.3738111,0.5815404
0.8904975,0.096491516,0.8073607,0.8663613,0.58555895,0.16926765,0.8203947,0.7068909,0.53725034,0.5684193,0.34063047
0.70126766,0.054398157,0.85199493,1.0,0.61021835,0.36813876,0.9079327,0.5897739,0.32732543,0.48545185,0.4557574
0.628532,0.084033765,0.83809036,0.97407115,0.4531139,0.63698167,0.7173044,0.27840593,0.44134423,0.62149805,0.6612631
0.547249,0.18814163,0.69755536,0.76386553,0.097143464,0.8251961,0.53111523,0.06689711,0.29612058,0.6509362,0.8176227
0.40672696,0.40654957,0.48241276,0.4213503,0.01656066,0.9554989,0.4294519,0.15616402,0.51673704,0.6772429,0.76876366
0.14962785,0.6829038,0.23270075,0.1208072,0.0051201256,0.97707975,0.41027743,0.09107439,0.44384083,0.5180232,0.7603819
0.07201651,0.85539836,0.16733183,0.040702917,0.0068125655,0.87757045,0.3651305,0.14171454,0.448175,0.48498616,0.78657496
0.21645238,0.8215422,0.25540185,0.021278992,0.041026272,0.676397,0.2974685,0.24335839,0.45071322,0.5550831,0.797376
0.42787263,0.67881286,0.37577233,0.09118088,0.12823282,0.3906502,0.6080434,0.33534232,0.23306218,0.28438735,0.7135971
0.5859422,0.4893563,0.45487124,0.35071638,0.24491444,0.20406584,0.6427088,0.39597845,0.47403753,0.36996815,0.59220564
0.755844,0.29961675,0.5343891,0.6391573,0.35862014,0.11615237,0.789195,0.30917883,0.41938907,0.22589435,0.5908213
0.8323852,0.14866376,0.667198,0.8177234,0.50621545,0.0835036,0.81707966,0.4831161,0.3688143,0.37626857,0.45553514
0.76878786,0.069902904,0.7249572,0.90748763,0.6151579,0.25842607,0.5797646,0.31373346,0.51231956,0.6165096,0.69731915
0.7188847,0.040307917,0.7688235,0.992382,0.67445016,0.40119478,0.8357878,0.47096035,0.36253673,0.4487098,0.55156416
0.60897404,0.07437539,0.7327764,0.8960962,0.3897301,0.68535084,0.6095712,0.14232987,0.32291222,0.47679868,0.83273834
0.58600247,0.20444013,0.5777201,0.74228287,0.075329915,0.8470598,0.41459754,0.06393139,0.39214802,0.61665523,0.8304689
0.3863133,0.41572076,0.31737316,0.4931547,0.015235686,0.9482934,0.36406156,0.14688739,0.49145555,0.65077347,0.82479167
0.17343089,0.6700844,0.111434326,0.14992025,0.002062064,0.9705363,0.42728952,0.042357277,0.53195125,0.46305147,0.8815924
0.12980957,0.82484823,0.18575102,0.028657185,0.007143546,0.8661249,0.4084103,0.12307304,0.4905441,0.45075515,0.80185544
0.23468426,0.81581855,0.28816774,0.023648888,0.043077305,0.6645604,0.3731284,0.12772205,0.32593405,0.4751384,0.80245143
0.4721726,0.6848525,0.39891556,0.064488724,0.12353576,0.431038,0.5350316,0.050472442,0.3696157,0.20633402,0.9946397
0.6681106,0.5005223,0.48768368,0.18279898,0.22352901,0.19107509,0.64259464,0.28513357,0.35479164,0.24155281,0.87389225
0.8157079,0.30395406,0.6109631,0.5241575,0.3317357,0.07895764,0.79378116,0.39769003,0.3289834,0.21089779,0.58934456
0.84077024,0.15987396,0.7041993,0.69509214,0.45145613,0.12224245,0.7689361,0.17426312,0.05583352,0.063147925,0.618139
0.7838555,0.086633794,0.75396484,0.8411799,0.54069906,0.26130262,0.73344797,0.1282542,0.28984636,0.5309089,0.7983244
0.74393624,0.07331737,0.7799937,0.9283902,0.52923083,0.45461696,0.64481926,0.2735133,0.46025938,0.5673826,0.682452
0.61334693,0.102028094,0.77837634,0.931211,0.39269853,0.6312944,0.6880623,0.2232294,0.41179606,0.62765193,0.68878925
0.53867495,0.21099976,0.5939285,0.73961544,0.08363002,0.82585377,0.48942602,0.031736862,0.3944476,0.7883491,0.9479807
0.38009632,0.43696997,0.27988318,0.43063146,0.011604729,0.95541877,0.2948132,0.10921209,0.5288339,0.6832353,0.90972215
0.2145395,0.70401484,0.10873486,0.17562579,0.008227078,0.9579534,0.23720786,0.16182947,0.54031265,0.52690965,0.85700095
0.14049976,0.84588116,0.040224336,0.03503526,0.010261364,0.8694796,0.19949709,0.09725852,0.53173906,0.5370963,0.9215797
0.2273344,0.827644,0.20156382,2.7612854e-05,0.051297136,0.63678175,0.44992623,0.23146714,0.47189936,0.5761341,0.8481337
0.48321915,0.66856307,0.32034022,0.02087829,0.13529927,0.39736757,0.43945986,0.3442132,0.4727641,0.54135454,0.78991187
0.6207992,0.48797187,0.39942753,0.26494166,0.24786401,0.16396685,0.77195764,0.26024017,0.2058773,0.44443446,0.86709327
0.7991745,0.31325743,0.50462514,0.58756423,0.36544752,0.12536286,0.7056289,0.31819567,0.488854,0.6741277,0.5410127
0.99088746,0.16496778,0.63532805,0.71882665,0.49366066,0.077719405,0.7582495,0.50432086,0.35650086,0.41270387,0.33247566
0.8124456,0.074735485,0.72996056,0.82629794,0.6335053,0.22469032,0.8707389,0.3693421,0.3764044,0.4193484,0.7039897
0.6898953,0.04897375,0.7577115,0.88333726,0.59208655,0.45309308,0.8009921,0.22715613,0.30340087,0.5511093,0.67930883
0.6627334,0.08769109,0.74511015,0.8630132,0.39231113,0.6697004,0.68085337,0.183241,0.36764064,0.48328522,0.7319833
0.5136035,0.22037306,0.6033883,0.73574454,0.0921086,0.84829867,0.5460421,0.16640845,0.4104714,0.6520431,0.8390642
0.35897553,0.43096128,0.4197084,0.45955506,0.02040558,0.9373768,0.40072742,0.11641696,0.51310426,0.5608161,0.82692605
0.19927573,0.6658462,0.21305981,0.16228327,0.009935599,0.95233554,0.37838718,0.1392701,0.4475653,0.4321795,0.8647588
0.0852475,0.83648056,0.1559522,0.040118728,0.008466472,0.87531435,0.25737682,0.093305126,0.4731189,0.4148886,0.84666467
0.24870323,0.81543434,0.29199585,0.0010354093,0.05043088,0.66293335,0.4203602,0.20860837,0.4008213,0.40189135,0.78275424
0.44389427,0.6729614,0.3844874,0.02157001,0.13160527,0.3798979,0.70442873,0.18999256,0.2967224,0.399215,0.789379
0.60356617,0.4790869,0.49266374,0.2732451,0.24614194,0.19969106,0.6604721,0.24218784,0.2657334,0.21158478,0.7338452
0.8350812,0.29755476,0.63371074,0.58304894,0.37939397,0.06569489,0.8580235,0.25403005,0.54761547,0.5038007,0.551162
0.95858926,0.14352182,0.74227107,0.74775547,0.5363371,0.086855665,0.76466185,0.4864032,0.39457488,0.2427343,0.3311064
0.7356902,0.05047499,0.78694016,0.94230294,0.7097021,0.24627101,0.7964062,0.4538173,0.475269,0.6106925,0.5561827
0.7102777,0.026606824,0.78656787,0.93416744,0.6945861,0.45182472,0.69486344,0.16008203,0.3726767,0.4617219,0.6712443
0.59911776,0.05865916,0.7435626,0.85947347,0.45594054,0.68332267,0.6012643,0.13323717,0.32573885,0.5184412,0.7694228
0.53823674,0.19508938,0.5986177,0.687559,0.062404677,0.85037977,0.43738976,0.1646448,0.4070107,0.56456095,0.8364416
0.36070007,0.4250685,0.32125944,0.41199726,0.0132652735,0.9549776,0.3821194,0.016402356,0.43728817,0.5757934,0.81414753
0.17300032,0.6798745,0.11002641,0.10798217,0.0034567565,0.97335947,0.45735133,0.07143158,0.5341512,0.5866073,0.85908467
0.12846784,0.8228458,0.13590403,0.016378753,0.013350352,0.85135907,0.38223448,0.20037529,0.48502,0.51153374,0.8126562
0.2257694,0.7982926,0.24600026,0.018029375,0.044824783,0.67903763,0.37860554,0.1430811,0.54142183,0.4300184,0.83615357
0.43063098,0.67178386,0.3638458,0.06306803,0.120310195,0.43078938,0.46883175,0.22811306,0.49438286,0.3357501,0.76100737
0.6312883,0.48842913,0.45327717,0.28812614,0.22772744,0.17213294,0.80914617,0.27701598,0.2940482,0.30628088,0.5880939
0.79194665,0.2921308,0.5722863,0.6460578,0.37355134,0.047032166,0.8189546,0.50571555,0.6143873,0.5429806,0.42126977
0.8827098,0.13368608,0.6942392,0.794048,0.65504473,0.029487917,0.9403471,0.6389372,0.43241376,0.5615811,0.3021839
0.8213951,0.039596256,0.7888019,0.9239552,0.9176195,0.16137046,0.8310842,0.5029095,0.33363423,0.43286145,0.39735532
0.6724104,0.009122641,0.8016127,0.98394334,0.9049801,0.39365777,0.73184615,0.43867087,0.3237692,0.4131337,0.5558501
0.6092501,0.053322934,0.76713634,0.9268385,0.51582307,0.6553587,0.6646631,0.25907832,0.30880165,0.38213855,0.630688
0.55854136,0.16552027,0.6743888,0.7195084,0.09848605,0.83826756,0.49536216,0.15024012,0.36599952,0.59152704,0.70721674
0.42693248,0.3835486,0.47106802,0.4676129,0.023393545,0.93214995,0.40631607,0.18390727,0.45571586,0.68864775,0.7285449
0.17467292,0.6511025,0.2930896,0.2490166,0.009409084,0.9679004,0.46586373,0.10407053,0.49422944,0.43678692,0.7569864
0.14606966,0.7934669,0.20807977,0.06752081,0.0124160675,0.8639119,0.48948812,0.13899046,0.5128032,0.5312481,0.7476912
0.23265819,0.7868155,0.32292333,0.013593601,0.046248112,0.66813004,0.45800906,0.15414293,0.5249413,0.45205393,0.82995
0.43546912,0.63651335,0.42730647,0.086234175,0.12982409,0.39939237,0.5037986,0.24090709,0.48200473,0.47741896,0.8163781
0.6553601,0.45336476,0.5257089,0.42349142,0.24971224,0.17696296,0.707521,0.4200876,0.38875645,0.35921046,0.529634
0.8425893,0.26236117,0.6877,0.64262927,0.42172122,0.009935418,0.79464716,0.75156504,0.40139326,0.29635423,0.18821728
0.8036357,0.12062278,0.80012333,0.77323544,0.7485417,0.116287336,0.6356022,0.585459,0.70127225,0.7389744,0.17888936
0.72545564,0.040537186,0.8492722,0.9014071,0.9304289,0.18532301,0.78909445,0.5299813,0.3136273,0.612982,0.43156028
0.635179,0.017302617,0.8898223,0.90612155,0.8525977,0.45274076,0.7334103,0.35820836,0.46935531,0.6073937,0.53529805
0.5870929,0.06641153,0.83792746,0.83688354,0.40473428,0.6887788,0.6087892,0.08271682,0.4071531,0.6738642,0.7075474
0.44798777,0.20391019,0.6793689,0.6916832,0.079124905,0.8650766,0.48902687,0.09419779,0.38350472,0.745687,0.7954735
0.37038478,0.42075026,0.4418859,0.50798184,0.017606113,0.94034904,0.35898528,0.13398217,0.48423254,0.7225675,0.771353
0.14225568,0.6595643,0.17928162,0.27142748,0.005200681,0.9517726,0.37161452,0.10355835,0.4819822,0.6072426,0.7224031
0.10448525,0.81647545,0.099589266,0.092491075,0.009562707,0.8746932,0.30340904,0.12733386,0.44864857,0.58698475,0.64921576
0.16845247,0.81324106,0.23734336,0.012670051,0.03841418,0.6677865,0.34735873,0.18483907,0.51036036,0.45849383,0.6898944
0.36971045,0.652775,0.33806127,0.029074952,0.11932828,0.41077763,0.52213484,0.15202135,0.4630689,0.43672985,0.75696987
0.5999593,0.4632173,0.44036165,0.20808637,0.22497882,0.20813847,0.7515379,0.19907567,0.46370402,0.38177672,0.7353834
0.73364764,0.29107553,0.5655143,0.54282737,0.34418476,0.08984086,0.8345428,0.3691813,0.2687027,0.42173797,0.5586381
0.9640022,0.12722403,0.71472955,0.75754577,0.51106364,0.0334253,0.8621303,0.8841426,0.36374408,0.2822722,0.0011854842
0.8601913,0.037579812,0.7560709,0.8413432,0.722967,0.22248653,0.74568075,0.47857416,0.41134733,0.45127568,0.33427703
0.76420605,0.0045258314,0.79787767,0.8421707,0.7885278,0.40973234,0.7443981,0.33474332,0.48941574,0.5430956,0.4079558
0.5835406,0.034980796,0.77970284,0.76313317,0.40422,0.6852309,0.7213097,0.15819314,0.4780699,0.45331743,0.62969327
0.5895076,0.1654198,0.62261033,0.61337084,0.0802477,0.8806697,0.49319983,0.11652551,0.38805914,0.61332303,0.67979246
0.3718733,0.3943698,0.38957214,0.3812138,0.011628897,0.96741503,0.48192397,0.1109872,0.4725192,0.6609069,0.750564
0.2176197,0.6367579,0.17491826,0.1052532,0.004648206,0.96457905,0.43538108,0.16124113,0.45805922,0.60774535,0.6540912
0.120855965,0.7974261,0.19012602,0.01380262,0.01080469,0.860432,0.40998733,0.09927845,0.43286934,0.46074814,0.6860083
0.25988436,0.7600274,0.25312126,0.0036771575,0.05987256,0.6415347,0.33071733,0.24859335,0.39610487,0.51763904,0.6559995
0.41378716,0.62298936,0.3183738,0.022110809,0.13817519,0.40249664,0.6637371,0.22059877,0.43960914,0.609709,0.6698762
0.5887551,0.4493271,0.40486136,0.2066298,0.24940373,0.22566654,0.75012815,0.34913635,0.3112689,0.35002428,0.47006127
0.7917688,0.27492288,0.52343994,0.5601498,0.37864396,0.06617659,0.8257488,0.59224313,0.4987653,0.36891475,0.31001064
0.8292426,0.13241136,0.6314185,0.73864245,0.58528,0.05759349,0.85876346,0.6611408,0.33653137,0.3421503,0.23994556
0.75079966,0.041911356,0.7196863,0.8945126,0.8087347,0.2354748,0.7242909,0.5098904,0.6264334,0.5639968,0.2509796
0.6754225,0.0185662,0.7300769,0.899935,0.7316935,0.44204456,0.7263011,0.3305189,0.40383226,0.488411,0.4628245
0.5929977,0.051303454,0.6883865,0.8509153,0.30300418,0.6579143,0.67468023,0.18776137,0.35024613,0.59022176,0.5998261
0.4988552,0.17688313,0.5598827,0.7561097,0.083169065,0.864031,0.52359414,0.056791067,0.43559322,0.78099453,0.6471355
0.37995207,0.40435922,0.22968712,0.47830522,0.0141361365,0.9568137,0.43053797,0.084026635,0.4857884,0.7329505,0.7512853
0.13317108,0.6835298,0.03242847,0.16711996,0.0017129707,0.9803986,0.41627872,0.14915608,0.51353014,0.6387826,0.6884305
0.07576566,0.85444134,0.027134264,0.041272476,0.005904803,0.8753411,0.33169553,0.12929995,0.49858224,0.55412555,0.7198521
0.18939552,0.8068695,0.18249305,0.029396629,0.05174752,0.62645805,0.50789624,0.27444166,0.37137637,0.67655444,0.71536595
0.43184978,0.62962455,0.29342705,0.07805406,0.12895489,0.43098202,0.47470614,0.1829269,0.43407896,0.49350286,0.7319236
0.6161536,0.45643187,0.33927137,0.2526106,0.21674345,0.20989384,0.8038811,0.3879984,0.39587834,0.5844949,0.46135125
0.798374,0.26565394,0.4575009,0.6018442,0.3360337,0.06070007,0.7709382,0.40436405,0.509349,0.705488,0.49375084
0.8568523,0.11804993,0.58854127,0.8210134,0.5034829,0.09123969,0.9293156,0.4954215,0.48324314,0.57631445,0.37576315
0.81889987,0.028129745,0.6586342,0.9495325,0.76018435,0.20760056,0.93098664,0.6756204,0.74977136,0.80112684,0.3482818
0.74903595,0.0,0.72914606,0.93226546,0.82284486,0.40115508,0.923371,0.5365481,0.54123175,0.56639576,0.3787911
0.5987936,0.049083762,0.6638702,0.7803005,0.40545884,0.7028082,0.639983,0.20380214,0.46610755,0.6255587,0.5655568
0.5477985,0.18365742,0.52801275,0.64585924,0.062480755,0.85707974,0.5120067,0.14072636,0.39515594,0.6373177,0.67117906
0.39326662,0.41443276,0.32600677,0.4238651,0.016746826,0.96971196,0.38241443,0.12616582,0.49312714,0.6404485,0.7586326
0.16461515,0.7015762,0.09564479,0.14294095,0.002365539,0.9757441,0.41006798,0.120337345,0.5359861,0.46937782,0.71271425
0.086083405,0.85976225,0.11729868,0.01247384,0.006845042,0.87450343,0.34899172,0.17436637,0.6075941,0.57152176,0.68387616
0.18038327,0.8176819,0.17757118,0.001555679,0.04397281,0.6792997,0.5074647,0.10126018,0.45733267,0.589719,0.63736683
0.4436574,0.6659946,0.25540185,0.037160568,0.13059059,0.37260062,0.42237306,0.36668032,0.22608788,0.51906854,0.63831437
0.6620203,0.4619242,0.3662544,0.2510602,0.23219742,0.21097943,0.6590732,0.4270829,0.59914434,0.4395398,0.43132356
0.8244177,0.2661531,0.5288622,0.5310888,0.3669726,0.029512659,0.76830345,0.36798635,0.37937662,0.45859817,0.49754587
0.8410429,0.1269644,0.62052757,0.65500087,0.48538378,0.12633891,0.6454157,0.24036226,0.48704362,0.60233605,0.4985307
0.76199144,0.04854022,0.69386685,0.8070587,0.5610134,0.27671778,0.7400587,0.40681595,0.30809683,0.32249597,0.30424827
0.70686316,0.03530056,0.73328835,0.82466185,0.48885277,0.47842354,0.70883703,0.2973583,0.37398404,0.15577947,0.429018
0.6000837,0.072398126,0.68582666,0.77641606,0.3022696,0.66937166,0.81379104,0.17472148,0.36676067,0.56904763,0.6706312
0.4835051,0.21592227,0.5871682,0.6474057,0.062042274,0.88195103,0.4692079,0.07400708,0.4873869,0.7980605,0.6971236
0.30878332,0.4512279,0.34172648,0.39413795,0.008752726,0.9610713,0.42154804,0.086543694,0.4779732,0.5821258,0.7641785
0.1743556,0.6974094,0.16117659,0.11849419,0.0062217796,0.96456975,0.38603657,0.056583963,0.4754478,0.40081063,0.7772171
0.0918675,0.8509416,0.11423851,0.04486398,0.011056372,0.8601433,0.3652373,0.058475334,0.40868634,0.38604856,0.6643129
0.2579306,0.8073246,0.22327588,0.043074597,0.053092,0.6496014,0.42502815,0.2313807,0.46261662,0.27771753,0.6845602
0.40331015,0.6662195,0.26042843,0.09185784,0.12513499,0.4114335,0.41280252,0.31384605,0.3887827,0.19402571,0.7515947
0.6228061,0.47895563,0.32754266,0.3143675,0.23097922,0.18754174,0.7855541,0.41280782,0.26305017,0.3682129,0.6051279
0.8446245,0.28659377,0.5027984,0.5836022,0.3562641,0.07888613,0.7830677,0.45723754,0.30967128,0.18017861,0.47203532
0.8186354,0.14241928,0.62212163,0.7710664,0.4808363,0.08893488,0.85234696,0.5943924,0.4296947,0.42864826,0.2606843
0.85164887,0.066622294,0.69045764,0.7850563,0.53362966,0.2718244,0.6180352,0.3244449,0.18380427,0.034237057,0.28954867
0.78165865,0.036834467,0.7298093,0.81323296,0.5447589,0.4007802,0.741594,0.63833284,0.33277926,0.20139414,0.18120034
0.58767706,0.06886584,0.71186715,0.76095706,0.3228052,0.6751547,0.6645857,0.13125962,0.3530564,0.51360434,0.56329286
0.48897102,0.19848,0.59818715,0.6264632,0.06748127,0.8587311,0.585438,0.101261325,0.48155746,0.66220593,0.6920978
0.3742348,0.40902337,0.42136067,0.3789055,0.021003539,0.9331954,0.5335192,0.14127307,0.4385062,0.60745955,0.7123292
0.18579376,0.65972567,0.2246489,0.113595344,0.006300968,0.9743356,0.38962704,0.06124631,0.45897135,0.5856681,0.7387813
0.116166785,0.8394538,0.23679648,0.014240624,0.0059312885,0.8810146,0.3154038,0.095785744,0.4793744,0.4510064,0.71747404
0.2425279,0.8153464,0.33644393,0.0018788972,0.040496573,0.6809016,0.20506224,0.24150221,0.4511478,0.30412337,0.71728235
0.44697332,0.66164047,0.42404848,0.067285076,0.13186364,0.39477542,0.4911826,0.34746438,0.50997955,0.5669649,0.73818856
0.62824124,0.48048347,0.53807753,0.37457877,0.24259287,0.16316591,0.66643316,0.54114383,0.53913134,0.4595952,0.40405878
0.8700728,0.28965002,0.65672594,0.52062774,0.35944444,0.11134279,0.7485382,0.36720696,0.29643607,0.0,0.48668528
0.8014666,0.1416375,0.73613906,0.65553004,0.48679486,0.106270336,0.79124045,0.3126267,0.30929574,0.3620192,0.47147945
0.91711545,0.055346314,0.8022992,0.79327196,0.5795786,0.16428182,0.80859447,0.6175946,0.35542133,0.50842094,0.11868181
0.66096646,0.015195969,0.83002687,0.8596801,0.63302606,0.4048671,0.8601433,0.42278218,0.21950547,0.5503037,0.44979396
0.5892823,0.05731939,0.7816227,0.79619056,0.31259176,0.6915784,0.67428446,0.055430323,0.2244525,0.58914274,0.7059972
0.49453428,0.20279782,0.5967793,0.6889111,0.07933591,0.86064774,0.4096713,0.09223117,0.30725414,0.83399177,0.71211755
0.31774685,0.45456922,0.28973854,0.44725266,0.006652194,0.9694262,0.21134634,0.14089568,0.49823955,0.69674575,0.7692878
0.15862998,0.68661696,0.10681498,0.12897435,0.004916629,0.97410285,0.30006763,0.10928622,0.52394754,0.4922752,0.8053879
0.070727766,0.8492627,0.12147586,0.009837687,0.007288058,0.87463886,0.37164837,0.115997605,0.4631117,0.5090271,0.8145186
0.2701812,0.82898724,0.23388758,0.0010840193,0.044780813,0.6726431,0.31662068,0.18124643,0.53307515,0.481689,0.90207165
0.431174,0.6836018,0.30107164,0.013175014,0.12436662,0.41492042,0.43595973,0.23836748,0.36662,0.3520044,0.83943295
0.5909296,0.48986545,0.3638458,0.19814861,0.23178089,0.19983187,0.7273393,0.36064935,0.2875469,0.30795506,0.5476637
0.8197488,0.30088294,0.52343994,0.5189062,0.35782403,0.07111581,0.85513246,0.6443639,0.40843254,0.39996773,0.3380498
0.8499725,0.15827818,0.6405059,0.6326958,0.4996674,0.13456213,0.71786386,0.2935852,0.4459204,0.493168,0.506086
0.8289135,0.07474806,0.7348824,0.7046924,0.5971759,0.25681147,0.5839284,0.49136975,0.6031163,0.66729885,0.26293957
0.71394265,0.04102579,0.7944568,0.7398938,0.6279018,0.44191295,0.87036335,0.31997183,0.37023956,0.4801102,0.51506245
0.5456562,0.10035223,0.76863736,0.690651,0.36269885,0.71404856,0.62077755,0.20791401,0.5043198,0.7538957,0.6756078
0.47995058,0.25622886,0.5413355,0.5514886,0.0479173,0.8945171,0.27933607,0.028808683,0.45954847,0.75413775,0.7760877
0.32490912,0.47812933,0.2614291,0.23230253,0.008727496,0.9636504,0.3323812,0.10981288,0.46027148,0.74825805,0.7378593
0.13197072,0.72662,0.12801509,0.04163675,0.0049657454,0.9711924,0.33388686,0.077780314,0.48346925,0.5799306,0.7663664
0.047611088,0.88436896,0.09545862,0.0013284809,0.0049657826,0.8838805,0.153887,0.11187067,0.46592042,0.595067,0.8636962
0.20021985,0.8451503,0.16246815,0.00033259596,0.044029508,0.6574663,0.33766112,0.2354507,0.46021727,0.57633775,0.77922755
0.44123825,0.6915007,0.24428982,0.027384682,0.1288671,0.38158533,0.49127558,0.17053732,0.3886703,0.5093988,0.8169301
0.712946,0.48085803,0.36768556,0.15522353,0.23693216,0.16064075,0.78567827,0.19752596,0.48659578,0.36152318,0.7846679
0.81093,0.2923375,0.50543964,0.5058617,0.35319775,0.057001807,0.74923635,0.5408997,0.42510268,0.49979788,0.29176068
0.7840376,0.15284121,0.5849109,0.7465472,0.47313607,0.18943371,0.5361142,0.43283227,0.7279283,0.7740941,0.5090765
0.7787627,0.073798604,0.6439384,0.85986924,0.61230606,0.19987044,0.8765678,0.40227935,0.41130945,0.5433465,0.6265502
0.87821066,0.061812263,0.6372014,0.7934157,0.5961569,0.4317992,0.5477557,0.32232895,0.2876701,0.44335935,0.42188746
0.5940565,0.08859357,0.62663627,0.7630138,0.33680463,0.6781565,0.70849824,0.11648758,0.43770134,0.5490992,0.6599508
0.51914954,0.2229517,0.45382404,0.6405853,0.061203018,0.8552851,0.36321315,0.116250254,0.3471194,0.6738289,0.8132822
0.3833483,0.4636517,0.20564793,0.33649385,0.010477688,0.97984195,0.34568524,0.08583435,0.5320413,0.7027335,0.8433567
0.16665287,0.6934849,0.04928848,0.09060654,0.0051557412,0.9737377,0.2856735,0.13123496,0.5002157,0.63606834,0.7431721
0.07846196,0.8648721,0.019978357,0.03949468,0.0074045146,0.8716885,0.3366139,0.1447371,0.52471775,0.5726709,0.7849368
0.18777694,0.84534866,0.13597384,0.038805023,0.0445054,0.6551182,0.44411954,0.1541871,0.37954503,0.49522775,0.7293175
0.4403532,0.66813666,0.23853019,0.08081998,0.14033684,0.35780263,0.7353481,0.201221,0.21063595,0.5270152,0.6935249
0.61717737,0.4903347,0.34951073,0.19611384,0.23253316,0.23094049,0.5312486,0.2785273,0.5564486,0.59081656,0.771138
0.78924257,0.32257348,0.46224824,0.46540108,0.3332149,0.079123326,0.77282304,0.2495905,0.1947509,0.18362992,0.76225936
0.9733264,0.16136812,0.6008401,0.6491187,0.45304722,0.098013274,0.7640332,0.3438891,0.5152325,0.39413264,0.5566131
0.96918774,0.06277069,0.71682394,0.8095332,0.5818065,0.13918,0.77426434,0.68228626,0.32365724,0.27668718,0.2896383
0.72256833,0.032479215,0.75749046,0.8220873,0.6576224,0.40965167,0.7964687,0.5491676,0.44847584,0.50913924,0.42918
0.6380327,0.06731574,0.72212976,0.75421834,0.3829499,0.67288536,0.7122338,0.3048579,0.57566726,0.6830246,0.64188737
0.5157527,0.20368452,0.6101369,0.67133117,0.08460722,0.85120577,0.36076826,0.082404874,0.29448563,0.69670135,0.7669525
0.36264503,0.43217093,0.33700243,0.4493128,0.014253923,0.9561822,0.26609662,0.040523432,0.4537045,0.5869101,0.7935708
0.17938985,0.67885447,0.05694472,0.11746612,0.00425415,0.9686611,0.32902882,0.10960485,0.5711095,0.5165504,0.72790354
0.12786026,0.83668697,0.059504554,0.015621475,0.014729314,0.8479112,0.3575887,0.17560597,0.44068447,0.5047087,0.67725587
0.2725033,0.8079815,0.17725702,0.013513468,0.054940853,0.63577014,0.41823044,0.26573548,0.37903246,0.5368444,0.74806577
0.5004179,0.6405899,0.31166005,0.041478343,0.14576162,0.3681116,0.52915144,0.32543558,0.31521246,0.3242553,0.616216
0.6786417,0.44746143,0.45530176,0.23353809,0.26322556,0.13763508,0.7766172,0.5308703,0.3131362,0.3516133,0.47387633
0.81474787,0.2611171,0.6148261,0.60182023,0.43166044,0.027884724,0.8207948,0.6540857,0.28675058,0.29945827,0.17630681
0.76025385,0.12532222,0.6948908,0.82304686,0.7879097,0.06649789,0.66735727,0.7866918,0.7074291,0.91070527,0.32461044
0.7827912,0.056537475,0.7295184,0.89611435,0.8756197,0.26709285,0.58034223,0.2849721,0.45913443,0.6560037,0.5254802
0.6606733,0.046661686,0.71951175,0.96009797,0.8000245,0.46350762,0.5436313,0.43940783,0.43241712,0.7499453,0.49921778
0.52576846,0.089957476,0.6699906,0.89034367,0.52813333,0.65453935,0.56460166,0.14379276,0.19355924,0.6648206,0.7091436
0.47165936,0.22134638,0.47728145,0.71869564,0.05544514,0.8481231,0.38942826,0.08334781,0.23099561,0.77317584,0.77015674
0.35766944,0.44997603,0.2475827,0.49291223,0.010019136,0.95650524,0.24149282,0.13792995,0.5422426,0.7140485,0.83911866
0.15814596,0.69971305,0.063681744,0.12150193,0.006807008,0.9651943,0.33046,0.15317932,0.5614568,0.6257548,0.7456533
0.06873542,0.8414826,0.14869158,0.007931272,0.012498866,0.8711359,0.33834422,0.17196184,0.53128594,0.5058919,0.73330647
0.19708171,0.81744224,0.19928324,0.001171031,0.050715685,0.64906025,0.46749586,0.16838925,0.35388955,0.50412464,0.7010712
0.46482193,0.6732251,0.33142897,0.018637944,0.13504751,0.37691727,0.61881906,0.33548504,0.3525316,0.4273207,0.66170514
0.6303743,0.47941345,0.4679613,0.25217238,0.230816,0.22044575,0.6627486,0.28738114,0.38594842,0.53204685,0.7105565
0.82672256,0.3037829,0.60388863,0.59761137,0.3491774,0.059715625,0.84269977,0.5832956,0.3767379,0.24007533,0.3399987
0.8188765,0.14083044,0.693192,0.8451183,0.6566362,0.027402133,0.8184467,0.73491657,0.3418152,0.6512899,0.16506694
0.7448686,0.05695467,0.73407954,0.9077155,1.0,0.23125648,0.7946473,0.5061491,0.619796,0.90861493,0.4014556
0.6771261,0.034179945,0.7540812,0.8949225,0.9513315,0.42736578,0.76829255,0.14231703,0.33855167,0.6414093,0.72249234
0.603058,0.08508369,0.75291765,0.83583266,0.60663736,0.68278825,0.5919508,0.24876232,0.38261494,0.6479376,0.6883547
0.49382845,0.21222171,0.6323377,0.7037689,0.04534821,0.840724,0.6550965,0.11735658,0.3551525,0.7517882,0.76933944
0.35697827,0.4216679,0.3807058,0.43365803,0.011992706,0.96236867,0.43015975,0.088429965,0.48935455,0.73001117,0.6883508
0.13941123,0.69581115,0.11549515,0.06724734,0.0018631689,0.9780911,0.4380358,0.08602025,0.5037285,0.6372562,0.7078732
0.08227427,0.86281097,0.21063961,0.0037936172,0.008060965,0.87776345,0.3969435,0.16427277,0.56258774,0.5491467,0.6897768
0.1702023,0.8371062,0.302177,5.826982e-05,0.04494941,0.6395255,0.5921987,0.18903887,0.40837634,0.49123463,0.69662
0.40037972,0.6620429,0.43082044,0.0010349695,0.13316151,0.374264,0.64254135,0.27214703,0.2864388,0.390226,0.7572675
0.6945781,0.46147767,0.5374027,0.12673852,0.24137275,0.15345752,0.6686198,0.4214169,0.22060387,0.29619914,0.51654536
0.7836112,0.27797145,0.65765685,0.5216635,0.39054912,0.051664352,0.91385806,0.58315223,0.44289854,0.52142864,0.3063096
0.8872955,0.13616438,0.77880687,0.65734833,0.5880675,0.11388297,0.7318632,0.25523686,0.5721554,0.61387056,0.41144183
0.83559966,0.050970536,0.83832306,0.73652,0.67915934,0.22312915,0.899864,0.29105818,0.35443327,0.5126498,0.43108112
0.7400216,0.02294068,0.8676099,0.77624375,0.73727417,0.4250389,0.8745208,0.3157139,0.3861195,0.7473112,0.5113604
0.64818424,0.05822216,0.86088455,0.71360403,0.40714464,0.6704661,0.7233394,0.2097118,0.28638765,0.5516286,0.6008314
0.5117496,0.19472626,0.76032954,0.61038846,0.079643816,0.86674917,0.45390317,0.094800316,0.4262469,0.8053588,0.6768345
0.34817126,0.4567516,0.4248048,0.25547957,0.007340262,0.9830741,0.4172245,0.09603669,0.47872812,0.6838557,0.752211
0.1472157,0.7214408,0.3593428,0.020444116,0.0023367088,0.9727605,0.3142908,0.11442548,0.4926199,0.5166034,0.73340225
0.11715087,0.83944774,0.3263093,0.0003990474,0.015333283,0.85159427,0.28540942,0.14447962,0.37405673,0.49827817,0.72602725
0.20405112,0.81977886,0.38097343,0.0,0.04890966,0.6705402,0.34158322,0.13830481,0.43766615,0.5182854,0.7460099
0.44689015,0.67242306,0.48136556,0.00068064284,0.13147244,0.4039334,0.59093,0.24228863,0.52675,0.57932854,0.70630604
0.6679986,0.47568297,0.5591729,0.09548989,0.24766372,0.13396433,0.7976064,0.1399903,0.29952225,0.6433543,0.7228669
0.8408361,0.284015,0.71512514,0.34662768,0.3688912,0.06297712,0.7943792,0.20740287,0.398262,0.18262678,0.49229994
0.8932809,0.13630113,0.8345997,0.58289576,0.50072265,0.07726338,0.8903283,0.57542557,0.4216911,0.52406573,0.21100077
0.75529104,0.056387424,0.8780936,0.66506374,0.5770203,0.27973628,0.70532185,0.08623398,0.56510514,0.65956676,0.60808164
0.7616313,0.02969372,0.90330803,0.72109747,0.6187489,0.3614643,0.81066567,0.7135327,0.41172063,0.58683527,0.22669864
0.5692581,0.07036173,0.86840117,0.6438708,0.40418962,0.6692899,0.5911031,0.12897593,0.2501562,0.7557823,0.6874226
0.5228687,0.21041141,0.7578977,0.52661306,0.10141735,0.8589017,0.42977774,0.16236652,0.3350923,0.70725334,0.71580523
0.4023718,0.41965696,0.54431427,0.32221758,0.018346636,0.96059316,0.38441792,0.13009666,0.5544149,0.6820416,0.70366806
0.1591563,0.7006368,0.33304632,0.06560069,0.0009792057,0.9805702,0.4211543,0.14633577,0.49263537,0.58819056,0.71223265
0.11406748,0.8506331,0.32175976,0.002999286,0.008574039,0.8561191,0.44304505,0.06896427,0.5075042,0.6118293,0.7279038
0.22792722,0.8147384,0.37950733,0.0,0.048335556,0.6561962,0.5278882,0.15209019,0.49406585,0.6115947,0.7362908
0.5223428,0.6567726,0.48557764,0.032054186,0.13425973,0.37221748,0.5076345,0.59134406,0.45042405,0.5979164,0.51812893
0.6742758,0.44154957,0.59656984,0.3224213,0.27515808,0.12248681,0.77748823,0.5312017,0.32045856,0.29574293,0.3599825
0.7534604,0.25848514,0.67784464,0.5873565,0.4133657,0.070039704,0.76906025,0.5771869,0.50400245,0.5142825,0.23911457
0.8055687,0.13664952,0.7460526,0.69296,0.5651686,0.17904751,0.57030386,0.31963465,0.6885378,0.82356364,0.40869102
0.802233,0.065634966,0.787138,0.8078584,0.6745232,0.26243988,0.67998946,0.37713233,0.42181394,0.6372345,0.34195393
0.6511298,0.053428605,0.8288284,0.80352634,0.6710372,0.44472057,0.690921,0.2469643,0.25601888,0.6200984,0.5001781
0.54293436,0.10749919,0.77181387,0.74156165,0.44669935,0.69394076,0.5000961,0.2754056,0.42126536,0.8678832,0.68202835
0.4702087,0.24175382,0.68971294,0.6107728,0.092458144,0.86024714,0.46992368,0.07930701,0.486288,0.88081235,0.7604981
0.3262301,0.47323605,0.41841686,0.29698625,0.0077785235,0.96513194,0.3087948,0.06263725,0.4835182,0.68813777,0.7600131
0.12048546,0.749553,0.28138417,0.043524865,0.003148347,0.97522193,0.4010769,0.074508764,0.47306144,0.58471835,0.82839084
0.0284418,0.92058486,0.24938622,0.0114647355,0.0033898272,0.8809905,0.25384393,0.050764754,0.4819559,0.5455819,0.8257405
0.22676753,0.88337386,0.32494792,0.0017320001,0.04652167,0.6537283,0.41412643,0.20289057,0.42781073,0.5210957,0.8758938
0.36623868,0.70999175,0.39156184,0.022973645,0.1352704,0.35311434,0.5123851,0.29912034,0.29249,0.55259746,0.85942686
0.61468863,0.5045082,0.50422955,0.1745934,0.23508008,0.1967481,0.7932178,0.32483286,0.43503574,0.6493503,0.72432166
0.85446376,0.3244542,0.61245245,0.47815707,0.34136915,0.115363784,0.6762057,0.38843328,0.38237214,0.43339407,0.5490508
0.87292653,0.16350687,0.7442375,0.68773925,0.50323814,0.02036943,0.9676444,0.6045036,0.06713859,0.14336962,0.19416665
0.7460923,0.06507914,0.80499864,0.85297644,0.7516262,0.20849936,0.76328087,0.42620555,0.3334302,0.5693267,0.516704
0.6841388,0.04118582,0.8156685,0.8801826,0.64570373,0.45960322,0.82650113,0.34341583,0.3366339,0.5938456,0.5800965
0.5937924,0.100438096,0.79963464,0.8119624,0.34818438,0.7079615,0.60205925,0.06930633,0.30904555,0.6006089,0.8603539
0.4790013,0.24265948,0.670968,0.63263214,0.07100841,0.8609876,0.56660527,0.093223006,0.37990177,0.6731395,0.7969464
0.3520264,0.47536162,0.4412925,0.31638387,0.012982962,0.9680958,0.37741908,0.14515065,0.58679163,0.72999185,0.84746
0.16265303,0.72389424,0.21261767,0.049524613,0.008070021,0.963023,0.26364496,0.12137252,0.37655598,0.5704558,0.7827652
0.13373192,0.86898535,0.23946103,0.010430358,0.013915437,0.8710856,0.20819941,0.16969304,0.44582477,0.5429939,0.79256463
0.1843739,0.84756327,0.30759922,0.0010890667,0.046094,0.66117626,0.38696232,0.17803162,0.47195396,0.6426445,0.8692638
0.3760343,0.6955955,0.38107815,0.0048523224,0.13693322,0.40506685,0.5823916,0.16325589,0.39514858,0.56217283,0.89310527
0.64334357,0.51303846,0.4528932,0.114527225,0.22560325,0.2058966,0.63961506,0.28026044,0.45460472,0.5662384,0.82851094
0.80400324,0.3181228,0.6162922,0.47722098,0.34273744,0.056187198,0.8930603,0.5307673,0.58398795,0.510471,0.35960627
0.89763516,0.1579272,0.76001537,0.7206155,0.5168988,0.04244497,0.8661762,0.76727563,0.73575205,0.72295177,0.1418314
0.7689302,0.068474956,0.8017174,0.89902455,0.76859164,0.17634876,0.92252475,0.78709495,0.396258,0.5266638,0.20178862
0.68887883,0.03475355,0.80630183,0.93312544,0.8330073,0.36638606,0.795988,0.60790575,0.23909882,0.6631674,0.3783221
0.6174485,0.058707584,0.76292425,0.7964985,0.54003346,0.6583514,0.6940317,0.17267404,0.3081673,0.50627375,0.7254018
0.43359697,0.22011474,0.67491245,0.6399086,0.061928365,0.87879896,0.56434804,0.18146384,0.45140645,0.66375357,0.8573771
0.32418433,0.48605937,0.41019046,0.30755958,0.004711609,0.98299557,0.32024786,0.14223586,0.483657,0.63721156,0.8151447
0.12891003,0.7465023,0.23822767,0.04958181,0.0,0.9931248,0.32068303,0.13951975,0.55398726,0.5952449,0.7422176
0.085871026,0.89232403,0.24408038,0.009071151,0.008091208,0.8684496,0.17747833,0.23211467,0.47721308,0.50680006,0.74164176
0.21107714,0.8354776,0.323668,0.0032010276,0.05699698,0.63509524,0.4272418,0.24460578,0.5745244,0.65225273,0.759707
0.39323407,0.6902977,0.37815762,0.015667414,0.13047576,0.40642262,0.5113703,0.36070114,0.36805022,0.5540644,0.7831883
0.6134028,0.49277496,0.45352152,0.18702365,0.23938537,0.18998553,0.711729,0.27488717,0.46803823,0.6037134,0.7943455
0.9317311,0.30009016,0.56048775,0.54400474,0.35029784,0.012924903,0.76290536,0.6439696,0.4020442,0.2790325,0.3876161
0.8216338,0.13854699,0.6913885,0.7886765,0.55751,0.08668569,0.85815406,0.8331736,0.5036639,0.5596103,0.0
0.8088222,0.059040938,0.75309217,0.9269343,0.8814751,0.14226145,0.91940415,1.0,0.35985467,0.53270346,0.10034236
0.5612367,0.031946372,0.79118717,0.9697825,0.8989758,0.41601044,0.91399467,0.55214065,0.568098,0.73647887,0.53441185
0.54747033,0.06566633,0.7846596,0.8435022,0.6895578,0.63592345,0.7892755,0.3508422,0.39776766,0.757495,0.6480811
0.46130598,0.21884234,0.6633932,0.662757,0.084900744,0.88582194,0.3745818,0.08363544,0.48699492,0.7293064,0.78054816
0.36221045,0.44195896,0.42036,0.2756843,0.0123359645,0.96326107,0.3385062,0.11326816,0.4651572,0.64337516,0.749366
0.18204561,0.7167646,0.3172335,0.014576839,0.0033398382,0.9918044,0.2539403,0.14165264,0.5068783,0.55945003,0.7527978
0.07431377,0.9005046,0.3303934,0.000159563,0.005042608,0.88024914,0.26128995,0.16033953,0.49062786,0.46713287,0.7311346
0.15891954,0.8766325,0.37010577,0.0,0.042259403,0.66506696,0.3269211,0.23556943,0.5130101,0.5698164,0.7202605
0.38513064,0.7142406,0.4188939,0.010260914,0.122932196,0.38292474,0.45420206,0.30762288,0.29149413,0.49992958,0.70655274
0.6017887,0.5056908,0.5339935,0.18890284,0.2156055,0.22540697,0.7173633,0.28287458,0.35424438,0.4753394,0.6552082
0.7772795,0.3154242,0.65699357,0.52320075,0.34946752,0.01554232,0.9314392,0.6920473,0.41594538,0.58636814,0.28924862
0.79362637,0.14627363,0.7892324,0.7785379,0.64661086,0.036409404,0.8221894,0.65301114,0.5571783,0.63726413,0.2053643
0.68373656,0.06616636,0.837718,0.86785173,0.92017,0.2332026,0.61568373,0.4350093,0.6374094,0.71905607,0.40080532
0.69973516,0.045846954,0.8539846,0.8408487,0.86402893,0.45337915,0.6064214,0.30415216,0.3334105,0.49633703,0.52254814
0.54624647,0.083126515,0.84752685,0.8078027,0.55630314,0.6665437,0.7062854,0.22482505,0.31226012,0.7059673,0.57882226
0.4635817,0.2216579,0.7529409,0.69571596,0.05506726,0.8673427,0.54677594,0.094661444,0.5328569,0.7571391,0.678746
0.3638456,0.44200018,0.44140884,0.43074527,0.012567798,0.9629593,0.33223695,0.10994765,0.45283222,0.67615074,0.77510834
0.15851142,0.7211193,0.21969213,0.05326815,0.001239717,0.98821026,0.36180976,0.11273534,0.49049872,0.5877758,0.7123929
0.113429636,0.8974555,0.2903436,0.00011138826,0.0062327837,0.8815832,0.36880141,0.24673338,0.55676407,0.54547393,0.69386935
0.15927583,0.86907125,0.36349675,0.0,0.039570477,0.65391845,0.50812465,0.21152025,0.4779348,0.4635839,0.7712934
0.43791333,0.69227207,0.41835868,0.002298886,0.13291465,0.37343413,0.5079372,0.19988959,0.31306446,0.46520886,0.74260575
0.5875042,0.50445384,0.52686083,0.13981444,0.23395593,0.18094034,0.747264,0.3886824,0.23679475,0.32253242,0.58331317
0.7327154,0.31344968,0.67556405,0.50793725,0.35747772,0.085235536,0.7200398,0.5747979,0.70255744,0.68667275,0.33009464
0.79702705,0.17405614,0.7603528,0.73249114,0.48710722,0.1241024,0.63710666,0.48849902,0.896169,0.9324056,0.4194187
0.7559158,0.089409165,0.8462586,0.9284336,0.7335077,0.18774131,0.6782896,0.6803292,0.66915345,0.7609801,0.22935334
0.6871861,0.058444057,0.8880421,0.94051576,0.7993933,0.41966185,0.71194184,0.48659834,0.47540593,0.74738806,0.30429286
0.59168077,0.09202423,0.8410574,0.841682,0.5064528,0.66347414,0.5963006,0.23683009,0.30555716,0.6222299,0.6999316
0.4764233,0.22061549,0.72882026,0.74907595,0.13997136,0.8481954,0.47651392,0.17459808,0.4330917,0.891332,0.7144049
0.37830105,0.44280696,0.42554948,0.43908846,0.0141802365,0.94843924,0.37952858,0.11712122,0.54866713,0.6783825,0.71650714
0.21469934,0.67885965,0.21475862,0.07610187,0.006086518,0.9694575,0.35804474,0.16071908,0.520764,0.468894,0.77161187
0.14154544,0.82824594,0.27992973,0.022872418,0.016076084,0.84159976,0.43023506,0.20714287,0.37851644,0.5177633,0.7440166
0.25391895,0.8000897,0.37287503,0.008908462,0.062292505,0.6415004,0.48577777,0.13041313,0.42989838,0.4333148,0.78960127
0.37635928,0.6689944,0.4416881,0.014588049,0.12807263,0.40214124,0.6439486,0.17511222,0.3918986,0.45663148,0.76959145
0.671777,0.4742858,0.5822929,0.22817047,0.25012037,0.15080494,0.6188597,0.5552865,0.32921717,0.4239088,0.44022244
0.8050084,0.2918959,0.7140198,0.57170606,0.38704675,0.024286073,0.75883406,0.60156715,0.43314722,0.49413216,0.33957773
0.8302518,0.1431347,0.8305505,0.7993845,0.69129455,0.020698978,0.77600354,0.83107364,0.6381064,0.60846174,0.12165858
0.659161,0.06974519,0.87918735,0.9377506,0.884571,0.24939753,0.69865215,0.4161579,0.71999437,0.8534138,0.5276443
0.68674695,0.043040644,0.9111737,0.9859178,0.87790316,0.3739696,0.88807267,0.49548557,0.44575813,0.6976647,0.47037154
0.5704583,0.09109876,0.8845863,0.8472345,0.5273342,0.67158365,0.52086157,0.21134283,0.25415522,0.58495253,0.67426634
0.5127391,0.21521854,0.70731765,0.64753044,0.1322183,0.8428448,0.32338768,0.002710887,0.35742748,0.81760925,0.77348673
0.40988943,0.43944755,0.4263058,0.28376836,0.014377691,0.9546096,0.3346173,0.06802997,0.4776106,0.62722087,0.80389535
0.19142023,0.6852807,0.31375447,0.06928098,0.0068645114,0.9579568,0.3252638,0.07442877,0.44160956,0.56368667,0.7597909
0.12219684,0.86392146,0.27649722,0.032550346,0.009776816,0.8624796,0.24687204,0.13031437,0.48798996,0.6003961,0.73131853
0.19392404,0.83740807,0.33977172,0.008407855,0.040641766,0.6683669,0.2602973,0.13685247,0.48067015,0.40109846,0.8012645
0.4347567,0.6734818,0.44065252,0.017227996,0.13557902,0.38215694,0.5996331,0.08713738,0.49494702,0.43634653,0.85359055
0.72730875,0.4728252,0.5729379,0.22290535,0.2504421,0.11297477,0.7790614,0.4897419,0.5911778,0.6966409,0.5311167
0.8577082,0.28275388,0.68403476,0.55013627,0.38135424,0.06984764,0.7764552,0.5764106,0.26024225,0.2306283,0.26915288
0.92132336,0.13591602,0.802241,0.7359566,0.5551208,0.016347546,0.9193736,0.61929655,0.2666495,0.06675047,0.27981386
0.79197836,0.04598096,0.8658995,0.8931086,0.82591885,0.18520401,0.8366668,0.42347136,0.36405054,0.42222586,0.3889808
0.6814897,0.026523268,0.87367207,0.89302593,0.84601474,0.41634804,0.8040916,0.7046888,0.48877946,0.6712948,0.32273674
0.557745,0.072983004,0.8387187,0.7694374,0.48713112,0.65859854,0.7615077,0.31492412,0.3389472,0.64251846,0.5364109
0.5196006,0.20849298,0.6544803,0.54512954,0.05461419,0.8812238,0.3807901,0.118213475,0.45546654,0.6085787,0.81373703
0.43327597,0.43607676,0.39387733,0.23819192,0.01736456,0.96856177,0.44938833,0.21729925,0.53328395,0.62627196,0.7737691
0.21353237,0.7037694,0.2912279,0.030064411,0.005858645,0.9738351,0.39553818,0.1438347,0.48787674,0.4210872,0.71686363
0.09146599,0.866211,0.26909697,0.0053552985,0.0053468817,0.87860566,0.3138146,0.13217887,0.48785874,0.45169556,0.67065704
0.21364157,0.84112436,0.3436929,8.926452e-05,0.0443366,0.651005,0.4376455,0.16096993,0.42386213,0.45153472,0.67354125
0.3691546,0.70642984,0.38970014,0.00960415,0.10735196,0.4437537,0.3917662,0.18055913,0.36852694,0.4015432,0.78118
0.63163817,0.52080756,0.45270702,0.11895117,0.20906733,0.2070688,0.62493986,0.40855733,0.51345056,0.4600513,0.71025115
0.79283255,0.3179508,0.6184564,0.49630743,0.3334409,0.062608756,0.7759623,0.60573715,0.37630406,0.24790157,0.30781224
0.8351179,0.1725364,0.7248409,0.73844546,0.46315163,0.10484735,0.6796517,0.62006783,0.4666167,0.43366933,0.10762414
0.8044754,0.089412056,0.81208473,0.83815736,0.59944695,0.2038565,0.7304833,0.75155896,0.4513713,0.43563712,0.17156869
0.65471953,0.059763007,0.8667256,0.8695892,0.681322,0.39581862,0.78251696,0.4993945,0.15335353,0.45620498,0.44852105
0.55440605,0.108583815,0.82455814,0.7561652,0.34000424,0.68905663,0.575538,0.11762772,0.430163,0.6348419,0.69531214
0.4837853,0.28162226,0.624728,0.42651066,0.042994674,0.8967831,0.41250837,0.07922629,0.43262893,0.73966485,0.7689042
0.34700832,0.5318985,0.53160816,0.11219754,0.005643493,0.9980396,0.33312884,0.086312875,0.5532067,0.7707818,0.8184613
0.115815654,0.79507935,0.42241952,0.008213051,0.0019792425,0.97158986,0.29182175,0.10944737,0.49748945,0.5528906,0.78333503
0.04812084,0.9273924,0.37657517,1.5841276e-06,0.006237215,0.87334955,0.0,0.146245,0.57462716,0.625354,0.73164344
0.1833594,0.8835967,0.4181376,0.0,0.045535322,0.6425301,0.2384353,0.20245229,0.5126841,0.6238301,0.7802093
0.41134372,0.7346268,0.49395528,0.012479015,0.12736252,0.38988048,0.42544943,0.18308504,0.33790278,0.42116958,0.8698925
0.5928879,0.5469725,0.54054433,0.09732468,0.22059362,0.208484,0.65533626,0.117587894,0.42420074,0.47588417,0.9348613
0.88506067,0.35265982,0.60229456,0.4249231,0.33296195,0.06121239,0.67801684,0.33144212,0.44136584,0.54319143,0.575328
0.9456689,0.19311053,0.7096215,0.6533555,0.46456072,0.055710234,0.8013836,0.49659547,0.285534,0.16739108,0.39367962
0.7867745,0.098421074,0.7732567,0.75450295,0.55874354,0.24768859,0.7952677,0.39086768,0.49332067,0.5664297,0.4688253
0.7484468,0.06705857,0.78752196,0.7355213,0.5187981,0.43937242,0.75586635,0.23234221,0.4720686,0.5950003,0.6728621
0.62545884,0.12250724,0.7800635,0.64307207,0.21240841,0.71672076,0.6421652,0.104984656,0.35013008,0.4693056,0.8067384
0.6049295,0.24482481,0.6946581,0.45511922,0.06651349,0.8507057,0.48824736,0.0625252,0.3778291,0.6160223,0.8417324
0.40893131,0.46752974,0.45666313,0.23503128,0.01772317,0.9673483,0.39961478,0.11858454,0.4735826,0.5720435,0.7904198
0.19211125,0.73556674,0.2902156,0.038687736,0.0049487962,0.9749536,0.34919375,0.15411377,0.5059425,0.5773627,0.8400009
0.09538255,0.9125168,0.28115147,0.005409879,0.008883491,0.8629505,0.3197859,0.12257289,0.464963,0.43279117,0.73407775
0.24977215,0.88023895,0.33165005,6.1134066e-05,0.03932701,0.66621625,0.25209284,0.19039722,0.44392577,0.38783726,0.7473194
0.53094745,0.7097885,0.3818461,0.002166428,0.13208713,0.3803875,0.51124614,0.31983268,0.360047,0.25232753,0.79917186
0.61016893,0.51618534,0.46500587,0.13962273,0.24415173,0.16546474,0.9331713,0.26871702,0.29143298,0.30008757,0.6774917
0.7977053,0.33621994,0.59079856,0.38051352,0.36325532,0.08647219,0.8307527,0.16302675,0.19006358,0.19381396,0.786045
0.9227803,0.18857834,0.71456665,0.6006304,0.47095796,0.109410785,0.76981914,0.39113384,0.6522839,0.5326598,0.5449245
0.9258399,0.09955441,0.8115844,0.79738235,0.59210044,0.1669863,0.8791993,0.83896923,0.47249356,0.5725901,0.16750547
0.7407635,0.06924097,0.86169904,0.84270227,0.6065805,0.39922842,0.8209286,0.50146395,0.69734174,0.6868205,0.33199632
0.6500873,0.114175186,0.8479923,0.7360313,0.29690567,0.6945561,0.5251858,0.22119157,0.483922,0.6513369,0.6110142
0.5078367,0.25793624,0.66632533,0.5989698,0.060496766,0.86898494,0.5353795,0.05637486,0.3967978,0.722991,0.83101267
0.39419997,0.4793734,0.36670816,0.27217725,0.010945149,0.9602339,0.28448635,0.06154792,0.41444626,0.5473198,0.77470183
0.13553596,0.75461835,0.21689957,0.04861943,0.0023796957,0.97373426,0.3435156,0.10481705,0.52512395,0.40949884,0.7424386
0.09240958,0.91370535,0.20356515,0.0008222334,0.007986798,0.87186116,0.36613598,0.1854761,0.51683784,0.42918244,0.7728054
0.22813447,0.89604753,0.27013254,1.9752995e-06,0.040469903,0.6818623,0.31337127,0.23893416,0.5990854,0.49698085,0.8600845
0.33047917,0.7591456,0.33733988,0.007442868,0.109851226,0.43853247,0.5314289,0.18533236,0.40504357,0.42536697,0.9173824
0.62952125,0.56107646,0.48414648,0.13382241,0.20471452,0.18613528,0.76500046,0.3737556,0.2522179,0.23215303,0.80835646
0.84570974,0.36618656,0.6393656,0.38283095,0.30881768,0.13462421,0.67642677,0.5173961,0.5350555,0.37284145,0.46820432
0.85077566,0.217114,0.78734744,0.59542316,0.44456652,0.1025694,0.75980407,0.40451443,0.27089638,0.31166297,0.384364
0.80615234,0.14423276,0.87026286,0.72038114,0.5190136,0.23889136,0.56770945,0.5122152,0.5252419,0.6243024,0.3454005
0.67798686,0.11626853,0.89401114,0.78106314,0.5143514,0.43463233,0.62206274,0.30944425,0.46643284,0.671264,0.60118353
0.61427945,0.14999731,0.8343437,0.73174965,0.29883194,0.6801934,0.42207563,0.15159775,0.22326086,0.62640977,0.74710923
0.44983217,0.303765,0.6494653,0.5179517,0.05218978,0.8830572,0.35615513,0.10200321,0.48652405,0.8478902,0.79502535
0.33136898,0.54782104,0.35210547,0.17616925,0.009000909,0.97240835,0.28244856,0.033482376,0.4388221,0.6437899,0.7929117
0.11698428,0.8085198,0.26670003,0.035534903,0.0033013148,0.9699223,0.32460573,0.111734,0.47182783,0.5005157,0.79146636
0.05362078,0.9804283,0.27768403,0.007981325,0.0063679987,0.87239075,0.24097507,0.15971646,0.49543938,0.5875019,0.7762588
0.17620784,0.9324274,0.30816936,0.0006115385,0.040683374,0.67368925,0.14550704,0.057886396,0.42512745,0.34701583,0.8374021
0.39478397,0.7782308,0.43452054,0.011021729,0.12278406,0.37893438,0.5638964,0.33709586,0.39616713,0.4471553,0.8031493
0.6389884,0.5851876,0.55619425,0.08771505,0.2348432,0.19374092,0.74091214,0.3163642,0.4672093,0.44542068,0.6925967
0.85767037,0.3884899,0.6752266,0.31927034,0.35521916,0.024623027,0.78698885,0.64696753,0.5241322,0.3749662,0.26076624
0.85863954,0.21089655,0.79794747,0.58940053,0.49609205,0.037757326,0.9632077,0.5597906,0.226622,0.14996742,0.29310304
0.7551351,0.118708536,0.8413134,0.7197757,0.56614864,0.2260815,0.87497085,0.5776351,0.45579037,0.6005179,0.34493792
0.67859685,0.09364039,0.8382882,0.7450165,0.5509688,0.4609318,0.80971766,0.21759734,0.21702315,0.45164028,0.6155926
0.65182453,0.1423668,0.8123291,0.65770394,0.272475,0.7026622,0.6103057,0.19559354,0.32701635,0.47911245,0.61778694
0.50458795,0.2974868,0.6812655,0.51601005,0.05196199,0.8737518,0.49365854,0.17633593,0.3943845,0.55011326,0.77724934
0.35921288,0.5146653,0.53502905,0.20625013,0.015567682,0.9579159,0.48686013,0.14443423,0.48267117,0.64067155,0.78673714
0.16610433,0.7852835,0.38644218,0.022660304,0.0027612103,0.99543464,0.2654212,0.13937283,0.5318423,0.41582146,0.7824466
0.043872576,0.9681078,0.27883598,0.002154845,0.003405595,0.8794139,0.08407352,0.12542655,0.53813106,0.4079861,0.79102296
0.21361643,0.9129048,0.3459037,0.0021097776,0.051829543,0.6457241,0.29478505,0.2669162,0.37739202,0.52388394,0.78420156
0.46104926,0.7435183,0.40560603,0.021509577,0.13914509,0.3602959,0.40032926,0.33640435,0.32807705,0.382441,0.74139535
0.62975174,0.53108406,0.47197562,0.18116355,0.24120142,0.17278817,0.67002064,0.36676952,0.54174834,0.7352969,0.58269894
0.7965588,0.35364223,0.57769686,0.44190004,0.36312577,0.06669188,0.82752097,0.5302348,0.36662105,0.4342154,0.35365647
0.83353925,0.19704656,0.70715475,0.6757503,0.50948805,0.06624929,0.9653081,0.5486934,0.5789535,0.6740007,0.33956775
0.77269584,0.10801411,0.7913734,0.8075027,0.65144795,0.18990926,0.8977306,0.77508247,0.49766243,0.63492036,0.29471835
0.62688696,0.09353255,0.81985736,0.80494,0.5728013,0.48276225,0.7613887,0.27875414,0.4226151,0.45302072,0.60266584
0.64598113,0.12805206,0.7944568,0.688544,0.35606003,0.64010674,0.79374355,0.08360155,0.16791359,0.36350942,0.74171925
0.5219913,0.26796976,0.66717476,0.58775854,0.058403388,0.86979574,0.5139795,0.20366722,0.4218769,0.65961397,0.8017832
0.4250125,0.47573227,0.41605482,0.3775736,0.019387232,0.95853716,0.39207646,0.08464602,0.48623762,0.54940224,0.86062515
0.14443158,0.7476483,0.18518087,0.10039646,0.00087421003,0.9653207,0.4329921,0.082688734,0.46110347,0.55220705,0.8495247
0.06679671,0.92183846,0.16125804,0.007136978,0.004309189,0.873058,0.30185613,0.122173674,0.48394647,0.5099868,0.79343235
0.22365937,0.8972997,0.23714554,0.0,0.04092157,0.6658353,0.27542636,0.21814995,0.48349303,0.48465416,0.8018523
0.50392634,0.7235982,0.35528198,0.0017468523,0.13575691,0.35392484,0.4999799,0.45475775,0.26979125,0.4417941,0.56791097
0.60355043,0.53265023,0.4323447,0.09748616,0.24118693,0.19789392,0.64250195,0.32478538,0.12832226,0.18633242,0.6623734
0.9255933,0.33189386,0.6067044,0.3822122,0.37110037,0.039370295,0.8903135,0.4239064,0.15855885,0.016375082,0.6117175
0.84060365,0.18665382,0.7355922,0.60544646,0.49258068,0.13371909,0.77139634,0.5461264,0.41179308,0.32120872,0.364529
0.8005666,0.104485445,0.83556545,0.72410744,0.6199967,0.20818081,0.94401175,0.39829063,0.4713547,0.40624103,0.43669468
0.77398133,0.08299309,0.8679008,0.7299557,0.5888045,0.4497583,0.66296065,0.2505928,0.17721818,0.22012463,0.61342174
0.60783255,0.12218083,0.87601084,0.69966173,0.33892864,0.67334384,0.727682,0.22776687,0.2776341,0.3729795,0.6980264
0.52144647,0.25609052,0.74006027,0.54600793,0.073839225,0.8762628,0.466572,0.118161805,0.42912546,0.6574761,0.78141713
0.33887973,0.512271,0.47998092,0.26148605,0.008952212,0.97725564,0.4499027,0.08523265,0.47291026,0.5235781,0.7958957
0.13986047,0.7596302,0.33952737,0.048971094,0.0038206433,0.9743307,0.3257953,0.094871655,0.44130728,0.44702193,0.77873796
0.0854963,0.93603355,0.32041004,0.0018260962,0.0059301807,0.8861189,0.22604975,0.16406213,0.49577108,0.42040908,0.7436171
0.18160523,0.9308806,0.41652024,3.1983827e-08,0.032731526,0.6883339,0.33317664,0.16128357,0.4567921,0.37172964,0.8504878
0.38919148,0.7780391,0.50894195,0.0001660099,0.11699278,0.41548964,0.549911,0.31355748,0.35694712,0.28158554,0.89597577
0.66147774,0.57467073,0.6202367,0.09143512,0.22355446,0.15274681,0.8208608,0.4544484,0.5070072,0.63982207,0.62633145
0.76030886,0.3834318,0.726051,0.3682472,0.33397666,0.15258202,0.73482805,0.16576985,0.5945653,0.69849944,0.7704122
0.93637455,0.24015269,0.8351116,0.55989295,0.4585634,0.08445649,0.77996707,0.6561947,0.58113813,0.60673517,0.2817781
0.8643927,0.14060883,0.964651,0.72032493,0.5928657,0.15666355,0.90745974,0.65263057,0.31229806,0.2785074,0.26134768
0.74171555,0.10037565,1.0,0.77753776,0.6625284,0.36630145,0.8991401,0.35689342,0.2512795,0.43411455,0.5304234
0.62713075,0.1305639,0.9668618,0.7344233,0.44371283,0.6458796,0.70681554,0.27167416,0.25399402,0.58964646,0.62007946
0.5757743,0.24612771,0.865818,0.6170258,0.09250901,0.8425176,0.47580308,0.1367185,0.36573046,0.6471247,0.7664161
0.45034105,0.45467636,0.58705187,0.35105133,0.016030997,0.9569742,0.21184143,0.15097629,0.47222963,0.65116316,0.77047396
0.20445056,0.70546854,0.35951737,0.06182768,0.0072257444,0.9703296,0.3142315,0.140894,0.49103203,0.5328948,0.7278499
0.11980928,0.9147976,0.3547351,0.0032375127,0.0044646584,0.874973,0.28574473,0.12064507,0.48618525,0.4655688,0.70497423
0.20191975,0.8815585,0.4345671,0.0,0.035491917,0.6929388,0.15088339,0.12565675,0.56908417,0.4229926,0.8193611
0.44784656,0.74360675,0.51219994,6.1736855e-06,0.117831156,0.38284308,0.5246105,0.13350192,0.3055661,0.30560565,0.8613633
0.7705236,0.53687596,0.60121244,0.034690637,0.23063333,0.19713558,0.64826316,0.4594093,0.2576646,0.09146697,0.70122343
0.8288025,0.3588251,0.73921084,0.3057355,0.34023964,0.1381647,0.72293603,0.44495437,0.5684335,0.3117005,0.44642353
0.9074071,0.2174141,0.85240215,0.50518656,0.4642513,0.09560199,0.7838906,0.48812106,0.5665834,0.29629916,0.30164495
0.8237875,0.12156226,0.9363066,0.68331546,0.6023718,0.18115176,0.7608549,0.6411337,0.56515,0.46631563,0.19698626
0.63972133,0.097406134,0.99972075,0.74827904,0.61923885,0.44792318,0.56993216,0.42140135,0.61812496,0.5303317,0.45008713
0.60494447,0.13592327,0.99138963,0.6590055,0.38025868,0.6560588,0.5543874,0.1491819,0.31059206,0.55153126,0.6164688
0.50560254,0.27109483,0.8732183,0.45877597,0.08275606,0.85877365,0.47877792,0.12141432,0.36562482,0.6036794,0.7228838
0.40929535,0.5083952,0.587145,0.11518239,0.015778773,0.97886854,0.21657442,0.10654997,0.4798464,0.47818583,0.7696478
0.11317788,0.8089639,0.46597162,0.010654914,0.002044367,0.97732556,0.21473496,0.0862869,0.43916258,0.40390736,0.78958595
0.047751486,0.98616666,0.44872764,0.00020319586,0.00082587334,0.8859533,0.15707307,0.107705526,0.51048905,0.487076,0.7709493
0.18053764,0.94376016,0.51815736,0.0,0.03713397,0.67700195,0.2380016,0.17629069,0.547907,0.49313128,0.79449177
0.38354185,0.8013691,0.5585912,0.0018474469,0.1144963,0.4056137,0.42343542,0.18441956,0.44050878,0.5501652,0.9464694
0.6080048,0.5770314,0.60813564,0.06583789,0.22858682,0.18587069,0.60895187,0.3987067,0.32310528,0.42059642,0.744716
0.7484671,0.39194527,0.70396656,0.32304454,0.3368607,0.107382536,0.6513736,0.3319439,0.42223954,0.5219698,0.5697682
0.91415286,0.2432734,0.8279325,0.5622077,0.4514886,0.07909745,0.7323813,0.5366097,0.2811278,0.3597479,0.25271764
0.8182966,0.1409257,0.89021796,0.6584691,0.52903396,0.23070951,0.8369064,0.31423056,0.43630335,0.55561227,0.50266564
0.7665491,0.10485146,0.9514678,0.72736317,0.5436077,0.4101114,0.9007317,0.3424219,0.307871,0.5090378,0.51404065
0.6316292,0.14499314,0.91283756,0.69069034,0.3075241,0.682273,0.6404287,0.26054633,0.3232573,0.63282317,0.66509634
0.56197286,0.26631397,0.7701965,0.5601975,0.07139169,0.85734725,0.4508002,0.107197255,0.38651273,0.6196729,0.7971817
0.38456732,0.51842266,0.4171486,0.29172376,0.008362607,0.9759642,0.26025513,0.10605914,0.4905974,0.56374264,0.84188914
0.16106705,0.78389513,0.25435463,0.054896753,0.0025314863,0.9631099,0.3126753,0.14796449,0.4821896,0.6011975,0.8242269
0.08897075,0.9592444,0.22594045,0.0074239755,0.004529663,0.8735074,0.25143576,0.13626827,0.43670046,0.5105991,0.83352816
0.25616777,0.9028782,0.37455058,2.0017322e-05,0.048925176,0.649946,0.23939289,0.249855,0.46803123,0.4150872,0.8297277
0.42923126,0.75822943,0.44010565,0.00031566378,0.12893523,0.39814603,0.41655183,0.1786664,0.28342077,0.3615299,0.94693685
0.6793124,0.56623954,0.5309798,0.086707704,0.23298727,0.20499332,0.60454607,0.2381478,0.43741637,0.4480589,0.773242
0.83511245,0.3854195,0.6735511,0.39132068,0.35374033,0.049516983,0.79488176,0.68985707,0.48086718,0.60930836,0.3478673
0.89154726,0.22368301,0.78777796,0.6460052,0.52493906,0.04218634,0.8637764,0.6670405,0.49989378,0.7580167,0.2842876
0.7369953,0.1315988,0.81650627,0.74911135,0.6391268,0.2517975,0.84160405,0.2728398,0.50651443,0.8536141,0.56960076
0.8050153,0.11185517,0.8297476,0.696395,0.51146823,0.4801749,0.5988233,0.22412144,0.45988905,0.6238127,0.64209706
0.6153718,0.17181376,0.8333896,0.6334052,0.27983004,0.69802827,0.6084599,0.1855916,0.27830142,0.7067297,0.7049348
0.53502584,0.3018129,0.64068043,0.5135788,0.059356414,0.8544232,0.39110932,0.05601925,0.37571314,0.81296474,0.8111428
0.38862115,0.5410456,0.38490626,0.24088576,0.007935221,0.97040826,0.2252608,0.11678019,0.5255885,0.68221045,0.8903424
0.16877897,0.8126602,0.2659088,0.044773206,0.0032238062,0.968699,0.222956,0.11283585,0.5383076,0.64101577,0.8945866
0.10174414,0.969639,0.26523393,0.0021670538,0.009842111,0.8603157,0.2105283,0.1835333,0.49622107,0.52201426,0.8769467
0.20081939,0.93244445,0.34579897,0.00034193596,0.047566313,0.64649516,0.361506,0.19241393,0.4719836,0.5286173,0.8551796
0.4365141,0.76299345,0.44050127,0.018851597,0.13121581,0.3976787,0.28590477,0.22044246,0.37085834,0.49326214,0.97002673
0.666329,0.5610932,0.5111877,0.11226924,0.24133095,0.17409274,0.7297125,0.33186197,0.4012938,0.55431515,0.8293479
0.76691693,0.38492754,0.65088487,0.3805019,0.3422462,0.1289946,0.75509,0.3599514,0.5204161,0.7226668,0.66744107
0.9000202,0.2395201,0.7573392,0.6149378,0.46993262,0.10497762,0.80159557,0.51687163,0.6319973,0.7126485,0.3958034
0.8687413,0.14426428,0.81699497,0.6860902,0.5560969,0.24357463,0.76618403,0.28792664,0.4516498,0.52421254,0.54396737
0.8540457,0.1071352,0.8340528,0.6326204,0.51423967,0.43744364,0.77314997,0.15385275,0.3022284,0.39780903,0.66404235
0.6242429,0.15734015,0.7960858,0.60987324,0.30171794,0.6914924,0.6909156,0.28749433,0.40667337,0.6706252,0.7575938
0.56909686,0.30763382,0.6506755,0.46593115,0.0696039,0.8720955,0.42990524,0.10702976,0.38646,0.65518326,0.85062116
0.37636462,0.5389489,0.38449904,0.17640516,0.011335655,0.96935195,0.3579277,0.15056537,0.5353547,0.67068064,0.9272275
0.16492508,0.80249923,0.24377786,0.023276232,0.005525449,0.9824705,0.27140507,0.13611123,0.54072964,0.4865941,0.8881343
0.051049132,0.9746737,0.17142758,0.00079742214,0.0024975233,0.87451214,0.20927727,0.11672692,0.48102158,0.4092701,0.8281811
0.18065672,0.9383774,0.25390086,0.0,0.035323698,0.6782391,0.1607165,0.20765133,0.4168437,0.38936102,0.83238506
0.42044136,0.7947824,0.33912012,0.0036009743,0.11585992,0.40667796,0.41935775,0.08524975,0.2978797,0.2031536,0.9529607
0.7218411,0.60335135,0.42936596,0.052821387,0.22660144,0.15323646,0.69485056,0.45752212,0.22778733,0.30866292,0.70224166
0.90142643,0.38787,0.6203996,0.29554144,0.36281756,0.043257207,0.906245,0.6890955,0.5477482,0.51039183,0.18473555
0.94392806,0.23507652,0.7683465,0.5548308,0.47768006,0.10228998,0.850147,0.59661263,0.6770189,0.7399173,0.26124385
0.9296087,0.14409716,0.84955144,0.6561618,0.54780734,0.2305299,0.6783831,0.4487854,0.47700927,0.52589864,0.2513793
0.7850305,0.107074484,0.89718765,0.68980795,0.5516537,0.3834332,0.870175,0.5155201,0.43388844,0.6130275,0.38146684
0.61610836,0.14609294,0.85141313,0.6661405,0.2743567,0.70473427,0.56786674,0.22495824,0.50942004,0.56585,0.62780917
0.56578916,0.27121204,0.7419569,0.53342223,0.07174437,0.83739984,0.54928035,0.18054788,0.32524016,0.6980492,0.733709
0.36170045,0.4907753,0.4877535,0.21719451,0.010306138,0.9709447,0.37580827,0.08264794,0.45317268,0.50402427,0.81962425
0.15975663,0.7583653,0.302817,0.010889764,0.0029195738,0.9776357,0.28552443,0.09472798,0.45080662,0.40185827,0.782648
0.110725276,0.8954465,0.2586598,0.0042295814,0.009526455,0.86701727,0.115792625,0.1227857,0.48264182,0.40715507,0.75996274
0.2894852,0.8944849,0.35778365,0.008804128,0.04197063,0.66704106,0.34786472,0.20088522,0.4878029,0.41125217,0.8643205
0.43137863,0.7498713,0.4615152,0.032646682,0.11728212,0.43589315,0.3760556,0.27006096,0.53213835,0.5188475,0.84403473
0.59044623,0.56764895,0.5310031,0.15583724,0.21353757,0.21640687,0.70665425,0.2584875,0.44855896,0.5474272,0.82349354
0.82300705,0.36653423,0.68745565,0.48244292,0.3455859,0.04099023,0.82963085,0.56571984,0.52211446,0.47684208,0.47580802
0.8570311,0.21440758,0.78085476,0.69942254,0.5052302,0.07837588,0.8557198,0.59410864,0.41064653,0.412742,0.3941057
0.77018136,0.1298002,0.8520531,0.81513774,0.64621145,0.23869626,0.87511486,0.5842693,0.6301551,0.70353407,0.55235064
0.7883788,0.10154151,0.90413415,0.88100266,0.6417615,0.38787857,0.9091408,0.45084232,0.17187813,0.33919272,0.47671366
0.6698949,0.13016,0.89986384,0.73295575,0.36357498,0.66365594,0.69959956,0.05826577,0.15021117,0.36472052,0.82705534
0.5079764,0.29491845,0.71156466,0.5228465,0.038624495,0.894246,0.31818002,0.03399601,0.43786857,0.55122155,0.8370718
0.34709865,0.54547167,0.44254914,0.20167954,0.008274002,0.96756417,0.41228327,0.058703635,0.43948492,0.53336555,0.8048131
0.20315905,0.7941071,0.31225348,0.029851653,0.0045691,0.97508943,0.23175558,0.09075346,0.4547144,0.49591845,0.8372458
0.08188728,0.96196353,0.22872137,0.002918546,0.0081089875,0.8667227,0.1112848,0.17585264,0.43414003,0.5739461,0.77600753
0.25533468,0.91866195,0.309426,0.00014900314,0.049655203,0.6374055,0.28335527,0.24004807,0.53669566,0.62158525,0.76948786
0.50690603,0.7500864,0.42536333,0.006784919,0.13631968,0.3452997,0.5092262,0.39145723,0.32995272,0.56893295,0.72736007
0.6533786,0.54498565,0.49045298,0.14087462,0.24488667,0.1884851,0.7040256,0.28836876,0.30136082,0.5777783,0.64840025
0.8588486,0.35745236,0.6092294,0.4321042,0.37581986,0.052608054,0.8736739,0.5209535,0.5038981,0.6468631,0.43056887
0.97062147,0.20265225,0.7106338,0.61942047,0.49255005,0.090210356,0.81515115,0.7433912,0.40610105,0.35664818,0.16850346
0.8051191,0.10353555,0.77326834,0.73209417,0.62648237,0.24514031,0.9165232,0.31840006,0.29078257,0.39939755,0.4663701
0.7348727,0.07591985,0.8224172,0.78627163,0.6344537,0.41089746,0.8881651,0.35797492,0.15830408,0.463856,0.5360666
0.63056433,0.123027936,0.8101882,0.7051611,0.35248813,0.68392545,0.7125973,0.2097131,0.2707726,0.43605652,0.5585669
0.5852651,0.2388323,0.7292624,0.5313949,0.15270577,0.8496059,0.590413,0.21828541,0.49017173,0.6330833,0.72246134
0.34758434,0.4982121,0.4741282,0.21601735,0.0068588066,0.98437166,0.32214344,0.07252829,0.5292714,0.6373382,0.8808592
0.15321796,0.79118,0.31766403,0.014803908,0.0015524931,0.96993524,0.34464812,0.07122155,0.3739816,0.4181495,0.83243716
0.11405896,0.93944687,0.2720524,1.6808535e-05,0.0090922555,0.8703054,0.18424046,0.12850787,0.4164957,0.4795868,0.8208791
0.24712239,0.8800712,0.3788325,0.002365313,0.046872206,0.6613317,0.38506198,0.28946227,0.58426577,0.5828214,0.76408666
0.46243152,0.7480158,0.41548467,0.022315295,0.11601176,0.41690937,0.445287,0.17233612,0.34728873,0.3323527,0.8284587
0.693534,0.54761,0.48411155,0.15460905,0.22864698,0.18260892,0.6657405,0.44295362,0.17292452,0.3230876,0.6789326
0.92410684,0.3587998,0.5971981,0.35733834,0.35448045,0.046979174,0.8782242,0.26031077,0.23542525,0.20449327,0.6174236
0.884217,0.20321429,0.69738084,0.55315405,0.48690113,0.14303003,0.79783535,0.29856485,0.5166645,0.639937,0.43200564
0.8462515,0.12449752,0.76619387,0.6282295,0.56067127,0.26988626,0.68851846,0.2522147,0.2878476,0.47379923,0.54480577
0.68259966,0.11418357,0.7637038,0.6832234,0.48909125,0.4940668,0.6397243,0.17090052,0.41761503,0.46420598,0.69752425
0.6006558,0.16780342,0.7550586,0.6427893,0.2419768,0.7248618,0.60436493,0.13235076,0.41340107,0.52545005,0.78494275
0.5428592,0.30171704,0.61617583,0.4956437,0.046944767,0.8729407,0.48507836,0.04024188,0.47463536,0.6012086,0.7996972
0.34080216,0.54368407,0.33025378,0.16419713,0.007850871,0.98403704,0.28139994,0.08523538,0.5383007,0.57944536,0.83864754
0.15482782,0.8061444,0.22603354,0.017583972,0.00560629,0.9709378,0.18595868,0.13610245,0.48036712,0.51079386,0.8131448
0.0,1.0,0.16641262,0.0,0.00086399063,0.88628757,0.08351157,0.081374384,0.49814624,0.51543117,0.8395185
0.16798645,0.9600218,0.27484494,0.0,0.035243355,0.6802036,0.21541974,0.15180972,0.47305217,0.5413152,0.8274838
0.41228318,0.7901959,0.38390562,0.0015601014,0.11222731,0.420255,0.44808507,0.25030518,0.4392385,0.43846193,0.9908283
0.6470171,0.5934141,0.4808303,0.031037517,0.21513963,0.16420206,0.70994556,0.14606403,0.24253924,0.30019513,1.0
0.8661277,0.39051414,0.57263535,0.16065452,0.3360288,0.079842076,0.83243436,0.11950318,0.3462873,0.3957568,0.934702
0.8669027,0.24410217,0.67782134,0.34789437,0.44389886,0.1436146,0.9425164,0.30278775,0.4700322,0.33484483,0.6353922
1.0,0.13689354,0.79238564,0.58510274,0.5318576,0.16448465,0.8985414,0.81379783,0.5593315,0.4550006,0.12900494
0.7530886,0.09235078,0.8276998,0.65662867,0.5142612,0.41655353,0.900864,0.37220874,0.44550145,0.5384067,0.5547608
0.69633865,0.13081703,0.82137,0.66160035,0.36293587,0.64955664,0.8118117,0.47944066,0.56945837,0.5816836,0.5236572
0.58594286,0.2751929,0.71969795,0.47678173,0.09052082,0.86215955,0.51106006,0.14641663,0.30968273,0.57153517,0.77694225
0.38968775,0.5057984,0.47943404,0.18634859,0.017751317,0.9625809,0.30247903,0.048783217,0.43837222,0.61205435,0.82008195
0.19880937,0.7406968,0.27129608,0.061113093,0.006006443,0.96441925,0.1852654,0.07144361,0.5029775,0.4384124,0.8329679
0.09242416,0.91285014,0.1514143,0.004932046,0.0063902563,0.88482875,0.061865006,0.06307723,0.50739557,0.4448408,0.8871592
0.26679206,0.89225465,0.25196934,0.005905103,0.044280674,0.6805031,0.21949205,0.30476636,0.45411935,0.39479938,0.8730169
0.45848292,0.745911,0.34028366,0.02759403,0.12188232,0.4037322,0.4330386,0.35883567,0.38903907,0.352657,0.7855706
0.70569754,0.5339648,0.38509244,0.11356144,0.23829722,0.1634004,0.66278934,0.47334918,0.44867548,0.4377374,0.6347985
0.8544899,0.34515724,0.51051277,0.3909646,0.37658396,0.05487597,0.98016065,0.71029943,0.41956273,0.41727242,0.20775172
0.7759382,0.20318739,0.6640215,0.6671966,0.53599316,0.15259975,0.8797024,0.5998351,0.61310506,0.6580175,0.3686022
0.7646968,0.12039047,0.7294137,0.75285923,0.63153183,0.28274474,0.888112,0.3904728,0.7231743,0.7217878,0.46531332
0.727149,0.088553235,0.7621214,0.8046822,0.6059855,0.4511032,0.9256455,0.4402466,0.5699554,0.5934868,0.44844368
0.6037088,0.13823879,0.7379426,0.73242897,0.26073298,0.68816036,0.7074439,0.13305306,0.29499564,0.4843517,0.69434166
0.5424362,0.27120498,0.5665732,0.5783835,0.066753715,0.868448,0.50027835,0.056338478,0.4149078,0.62850875,0.8034221
0.33830765,0.5224833,0.2865853,0.25734776,0.008316736,0.98764354,0.41551027,0.048193987,0.44617736,0.48966733,0.74174315
0.13487065,0.7916874,0.09749485,0.06237185,0.0015122386,0.9872164,0.35197538,0.08450427,0.49101955,0.42978463,0.72819996
0.058320194,0.9862817,0.0750032,0.013302129,0.0028463996,0.8863844,0.19558947,0.12518917,0.47843677,0.3782879,0.7601111
0.18363737,0.93942547,0.24949095,0.004169534,0.0436008,0.6658669,0.5005875,0.30573344,0.44615918,0.4977572,0.7106157
0.3471681,0.77606934,0.3496038,0.029575953,0.119765125,0.4096029,0.38140503,0.14427777,0.350659,0.43626124,0.81568444
0.6557825,0.5630373,0.44386396,0.12698908,0.23434876,0.13881144,0.7352592,0.36176974,0.105025835,0.34971845,0.6375462
0.86627996,0.36370522,0.576638,0.3742896,0.3464316,0.10233181,0.8182138,0.31102455,0.16472031,0.061727893,0.41881174
0.931088,0.21319315,0.7327764,0.56284297,0.4502588,0.10048461,0.9715134,0.565168,0.42228165,0.23404464,0.11206978
0.8841602,0.124836504,0.8459328,0.6394849,0.5783017,0.2644157,0.82556427,0.40656617,0.45878348,0.5148156,0.3120969
0.8355147,0.104617715,0.85974425,0.62335885,0.54476297,0.43898812,0.7512546,0.03511045,0.114405245,0.12346826,0.67764294
0.6997325,0.13295114,0.86137325,0.5863436,0.35772178,0.64635247,0.8801155,0.20794469,0.28265288,0.38664138,0.5856399
0.5521997,0.2544628,0.78947675,0.49618533,0.11757308,0.8358603,0.6456262,0.15361297,0.27443796,0.73236364,0.7438202
0.38801232,0.47630256,0.53305095,0.2635464,0.016129185,0.9720697,0.38611087,0.1337372,0.5106814,0.587429,0.759675
0.1578537,0.77716917,0.38212535,0.025820969,0.0031660486,1.0,0.27636567,0.13852538,0.5474142,0.5224303,0.7864659
0.08935361,0.92849594,0.30964708,0.00053637184,0.008364454,0.87032765,0.26414192,0.20572218,0.50192595,0.58204687,0.76703095
0.14676201,0.89948744,0.34432125,0.0,0.0426547,0.6832434,0.20603189,0.23674428,0.52602386,0.5056123,0.77422893
0.33938074,0.7718335,0.366778,0.0069915764,0.1015214,0.4474914,0.49721232,0.23515293,0.38127336,0.3841164,0.8383052
0.66489184,0.54976016,0.46983466,0.10367662,0.22857346,0.16204873,0.83714616,0.43005994,0.4474302,0.6127462,0.53974307
0.9287313,0.34324256,0.6456605,0.4536784,0.3628002,0.0,0.9645112,0.7811454,0.29983383,0.3042228,0.02874938
0.9461488,0.18176155,0.7575719,0.6173321,0.51974887,0.111525714,0.8709417,0.6169099,0.29607084,0.06368373,0.08135552
0.8712758,0.097262874,0.81137496,0.7283584,0.69309205,0.19969799,0.87808776,0.6767782,0.054773092,0.10331942,0.13217954
0.69231224,0.06685634,0.84345436,0.8041935,0.6775878,0.4150021,0.74004763,0.52966285,0.473565,0.48759773,0.34335384
0.60834426,0.102584064,0.8481552,0.7087885,0.44630617,0.6797632,0.7163983,0.26620933,0.34474683,0.4033011,0.57939947
0.47472882,0.24414697,0.7385476,0.5459346,0.08148668,0.8696364,0.6036394,0.10318886,0.33222982,0.5504619,0.69091964
0.32347107,0.49670652,0.49403673,0.13522322,0.0054943287,0.9907781,0.41776776,0.056818105,0.47269508,0.5057455,0.8286826
0.13680895,0.78432506,0.40149868,0.008943073,0.0007155879,0.9921055,0.31980938,0.117191784,0.48990834,0.39908034,0.7423604
0.03749229,0.97127104,0.29257762,1.9475248e-05,0.0043548765,0.88142294,0.22154377,0.14066994,0.41418552,0.38649303,0.7002219
0.18302375,0.9297097,0.35614303,0.0,0.032545917,0.68501765,0.3631924,0.26396784,0.5418221,0.3312384,0.77934086
0.3730491,0.7680325,0.44501588,0.001701521,0.11235647,0.43180177,0.4529387,0.3028896,0.3853151,0.23771094,0.7941708
0.5724747,0.55750847,0.48403013,0.06748791,0.21460678,0.19248226,0.6673365,0.3747713,0.24463761,0.28365743,0.7748857
0.76003397,0.34973612,0.6180143,0.38251823,0.34519753,0.07948641,0.8718612,0.5997979,0.42064178,0.46733615,0.21131395
0.8027354,0.19533773,0.7324506,0.6472333,0.57085466,0.05213899,0.99017054,0.81501216,0.49533272,0.42023313,0.113615796
0.77105975,0.102114975,0.78667253,0.80482,0.7672494,0.19764134,0.8543743,0.64456326,0.5310563,0.81684035,0.25027487
0.66045684,0.056984883,0.83139986,0.84649134,0.8344552,0.37474903,0.9070713,0.60331047,0.66639477,0.7877908,0.27428502
0.56498134,0.08924119,0.80826825,0.7674394,0.5332058,0.66914314,0.7155568,0.26586476,0.5004705,0.6302761,0.5505478
0.4788021,0.21950701,0.67913616,0.5918407,0.096935146,0.85079783,0.7117522,0.20337081,0.35848033,0.5865467,0.7138651
0.3593477,0.4467125,0.44175792,0.30601776,0.018933276,0.97401774,0.40246093,0.08296882,0.49609676,0.5589144,0.7719959
0.148852,0.7128659,0.25351685,0.08508354,0.0039930437,0.9819977,0.39993885,0.05114572,0.47241735,0.45107248,0.72255915
0.10978599,0.87497413,0.19210407,0.034305546,0.009357728,0.8852384,0.32620072,0.12751906,0.45065963,0.43934405,0.7902651
0.18438497,0.88777363,0.2625112,0.008848541,0.038368456,0.68682724,0.3776108,0.1620835,0.501052,0.5001307,0.7591842
0.36096707,0.7411646,0.36354327,0.01386192,0.113750845,0.4121787,0.39659625,0.2979924,0.47916773,0.51607776,0.76291794
0.59139895,0.5262362,0.43755746,0.14082474,0.21717268,0.19060619,0.8957707,0.47351,0.38233495,0.271219,0.51600426
0.8429132,0.33561525,0.583503,0.52500165,0.34168845,0.07779338,0.8714018,0.6825956,0.40036908,0.34626073,0.18042351
0.8397866,0.19638477,0.72514343,0.6580088,0.5718482,0.14650019,0.72551215,0.55878097,0.5085462,0.38610455,0.13817702
0.73634344,0.11617356,0.8040329,0.7739898,0.7926,0.24803096,0.90388095,0.5167621,0.40431038,0.39061722,0.25996387
0.65235597,0.089226015,0.8470149,0.78270644,0.7970851,0.4578466,0.7840178,0.44561478,0.44745028,0.56363195,0.37862962
0.5880694,0.12591158,0.8443038,0.6558772,0.42156306,0.6863288,0.5901517,0.1475915,0.3574583,0.51696885,0.71333456
0.46547034,0.27151084,0.6729809,0.4564537,0.05295851,0.88484997,0.4549236,0.13190192,0.4427596,0.70789295,0.78408945
0.3494493,0.5101218,0.43220508,0.17905144,0.007844945,0.9848816,0.397805,0.12614535,0.47657087,0.5577148,0.7508141
0.0995275,0.7696943,0.32002607,0.023975842,0.0023479576,0.9906157,0.37502536,0.07238219,0.46620783,0.4748188,0.75451654
0.02067313,0.950677,0.3011531,0.00027626133,0.004094397,0.89618444,0.34555763,0.12656008,0.5057456,0.5469838,0.772211
0.1305625,0.908865,0.38454556,0.0,0.04642214,0.65945816,0.42555016,0.27242294,0.44140702,0.43457076,0.65198976
0.35601422,0.7488207,0.47041643,8.13767e-05,0.124466434,0.40903336,0.5369326,0.18719609,0.46358287,0.41269654,0.64627415
0.4888632,0.566805,0.47587353,0.06339093,0.20903865,0.23999915,0.6753371,0.3281683,0.4142396,0.53712153,0.6035688
0.75372684,0.37649417,0.60611105,0.35960746,0.32363486,0.05689627,0.97118574,0.6603701,0.6506956,0.47600326,0.18776654
0.7737607,0.21612088,0.72153634,0.6282478,0.47916365,0.16078214,0.806397,0.44187173,0.52792954,0.5944298,0.36397108
0.7834626,0.13465273,0.78081983,0.7315603,0.63981634,0.26612604,0.8779363,0.5165964,0.4520922,0.41788277,0.25571585
0.7554731,0.0962446,0.8228128,0.7308875,0.72990066,0.38517776,0.99689925,0.459687,0.2910093,0.43374416,0.30409274
0.5481897,0.14897355,0.8110259,0.71235526,0.43730056,0.68970245,0.7553981,0.19430116,0.36258438,0.53081113,0.5610621
0.54431397,0.28054243,0.6767392,0.5283519,0.07463501,0.8807118,0.46209443,0.046843417,0.3551321,0.48148572,0.76830703
0.37674645,0.51388353,0.43007573,0.22353269,0.017087786,0.96547645,0.50369215,0.14050569,0.45618927,0.47005975,0.72325116
0.124140285,0.77238286,0.3003735,0.032506112,0.004272595,0.97696537,0.31150106,0.15600526,0.49771526,0.45493478,0.6768888
0.013796563,0.94788325,0.24541847,0.000660982,0.0050382507,0.87557316,0.32839033,0.13597132,0.46241695,0.49126583,0.7345111
0.14967895,0.9136429,0.3323831,0.0,0.042613585,0.6763657,0.2668481,0.21773672,0.48162472,0.4923251,0.6637604
0.3253692,0.76503175,0.39352828,0.00016714989,0.116686456,0.4482544,0.61768436,0.2666215,0.48274112,0.36394393,0.7215661
0.54486346,0.5811417,0.47708365,0.078399226,0.21922277,0.20370193,0.7947838,0.24705376,0.4408748,0.43605447,0.7016761
0.6870806,0.40038532,0.5930675,0.2898398,0.32492828,0.10739449,1.0,0.41131502,0.45171392,0.3552345,0.42771953
